Haralick Angular Second Moment,Haralick Contrast,Haralick Correlation,Haralick Sum of sqaures variance,Haralick Inverse difference moment,Haralick Sum Average,Haralick Sum Variance,Haralick Sum Entropy,Haralick Entropy,Haralick Difference Variance,Haralick Difference Variance,Haralick Info measure Correlation1 ,Haralick Info measure Correlation2,Gabor Energy,Gabor Entropy,LBP Energy,LBP Entropy,Hu1,Hu2,Hu3,Hu4,Hu5,Hu6,Hu7,Area of Nucleus,Area of Cytoplasm,Area of Cell,Perimeter of Cell,Perimeter of Nucleus,Ratio of Area(Nucelus to Cell),Roundness of Nucleus,Roundness of Cell,Eccentricity of Nucleus,Eccentricity ofCell,Type,Outcome
0.49389711,606.3748366,0.931422324,4419.132263,0.770182341,81.83287615,17070.15422,3.092813334,4.045517305,0.002107865,2.021093202,-0.534012138,0.973177473,0.534221783,1.407738454,0.560678134,1.458196321,0.001240537,2.43E-08,9.01E-11,5.08E-13,-2.56E-24,6.23E-17,-2.30E-24,0,5651,5651,307.8650071,0,0,0,1.335382591,0,0.537240526,0,1
0.560916663,412.0481109,0.929793575,2933.372992,0.819965313,60.25306254,11321.44386,2.502725379,3.233822977,0.002390042,1.676059246,-0.538053371,0.952216728,0.603440327,1.155985504,0.626947907,1.285603961,0.001456736,1.91E-07,8.94E-11,3.85E-12,6.48E-23,1.47E-15,3.00E-23,0,4763,4763,290.4507935,0,0,0,1.410181178,0,0.699130863,0,1
0.519197085,350.5347494,0.953600159,3775.664082,0.789413772,73.71518851,14752.12158,2.936726919,3.788699213,0.002205895,1.860081495,-0.544315005,0.96989329,0.558596022,1.328586837,0.583956685,1.389356626,0.001182513,7.11E-09,2.68E-11,1.34E-12,8.03E-24,1.07E-16,-1.99E-25,0,5312,5312,291.137085,0,0,0,1.27042009,0,0.47879865,0,1
0.593577613,482.6193808,0.93776925,3875.7811,0.808205525,64.566983,15020.50502,2.530826932,3.33558587,0.002409807,1.826354504,-0.527827614,0.952963182,0.629989822,1.200717119,0.646045111,1.215680929,0.00116623,3.81E-09,7.95E-11,2.10E-12,-1.07E-23,1.28E-16,-2.50E-23,0,4356,4356,259.137085,0,0,0,1.227387307,0,0.417696605,0,1
0.456231884,422.5784454,0.946015602,3912.51856,0.737372812,83.76570312,15227.49579,3.249621257,4.387242141,0.001973609,2.222905533,-0.476008804,0.966864856,0.503174813,1.457285342,0.523641051,1.565579703,0.001262111,3.33E-09,1.03E-11,1.02E-13,1.05E-25,4.34E-18,4.60E-27,0,6184,6184,300.3502884,0,0,0,1.161440554,0,0.304324434,0,1
0.46341564,353.4120128,0.946290899,3288.80166,0.739043667,75.05771884,12801.79463,3.28833917,4.444728198,0.002023465,2.262456442,-0.483189675,0.969802259,0.560615848,1.300445547,0.532168487,1.548172966,0.001352944,1.34E-08,3.24E-12,2.69E-12,-2.31E-24,-2.12E-16,7.60E-24,0,6080,6080,302.1076477,0,0,0,1.195171477,0,0.378178284,0,1
0.488864738,371.1295731,0.94110525,3149.610807,0.75946823,69.86634713,12227.31365,3.114312309,4.145903658,0.002138721,2.090610025,-0.50771062,0.969527817,0.585589874,1.240742007,0.558062344,1.465898632,0.001434813,1.18E-08,3.50E-11,8.67E-12,8.85E-23,-1.01E-17,-1.23E-22,0,5724,5724,299.3208512,0,0,0,1.246191196,0,0.351204518,0,1
0.4652861,508.6882715,0.929718618,3617.632289,0.740333396,77.99930017,13961.84088,3.255792713,4.395637972,0.001998125,2.244399368,-0.491212144,0.970759732,0.537861323,1.371566637,0.536173272,1.537726665,0.001376668,2.83E-08,4.23E-12,9.51E-13,4.62E-25,-1.54E-16,1.85E-24,0,6052,6052,306.4213562,0,0,0,1.235234754,0,0.430483252,0,1
0.55464047,356.1340871,0.934816753,2730.58697,0.803843853,58.28939533,10566.21379,2.67750097,3.495797533,0.002329481,1.776109873,-0.54112933,0.961621227,0.637731331,1.075769373,0.613452754,1.308064284,0.001435783,2.12E-10,1.95E-12,5.72E-12,1.53E-23,6.92E-17,1.15E-23,0,4852,4852,267.0365799,0,0,0,1.170121833,0,0.265039739,0,1
0.606040891,286.3304868,0.939340198,2358.939679,0.828526113,49.8725883,9149.428228,2.339416684,3.056531137,0.002627211,1.616038481,-0.532416677,0.943664995,0.669221043,0.983825151,0.66017815,1.176925987,0.001433059,3.63E-08,1.73E-11,3.83E-13,-9.76E-25,6.79E-17,1.49E-25,0,4203,4203,250.7523087,0,0,0,1.191079777,0,0.495611921,0,1
0.592627877,364.5452459,0.927626809,2517.450383,0.821386708,52.25491952,9705.256286,2.428527559,3.178481906,0.002449793,1.674260936,-0.537816713,0.950279929,0.663823537,1.006130169,0.65053586,1.201256731,0.001433658,6.55E-08,9.86E-12,4.60E-12,2.63E-23,9.99E-16,-1.64E-23,0,4370,4370,254.7939392,0,0,0,1.182788546,0,0.520947248,0,1
0.64992006,357.787762,0.916852951,2150.570831,0.854131046,43.16715676,8244.495562,2.083031179,2.67222184,0.002690571,1.426752348,-0.567703741,0.937704146,0.712611386,0.86571841,0.699190811,1.057173644,0.001494183,4.57E-08,8.81E-12,5.84E-13,-3.00E-25,1.07E-16,1.29E-24,0,3669,3669,240.9655121,0,0,0,1.26000546,0,0.471132692,0,1
0.503996087,365.9911944,0.939280582,3012.43171,0.772872084,67.03079847,11683.73564,3.006236901,3.979917019,0.002175479,1.997873095,-0.514681966,0.967509837,0.592758491,1.209579235,0.570472397,1.430457418,0.001429454,6.77E-08,9.48E-12,1.19E-12,3.44E-24,-2.73E-16,2.08E-24,0,5517,5517,291.7584053,0,0,0,1.22844051,0,0.57686857,0,1
0.497792546,237.7610339,0.957366069,2787.31379,0.768665374,66.23916353,10911.49413,2.944181573,3.939387144,0.002420895,1.986060524,-0.482254555,0.957881524,0.589008653,1.173785031,0.564447892,1.452995434,0.001436075,6.98E-08,8.42E-12,1.45E-12,4.24E-25,3.37E-16,5.02E-24,0,5605,5605,287.5218613,0,0,0,1.174293038,0,0.547160175,0,1
0.604498349,246.5213666,0.943818928,2193.04709,0.827360126,48.19617884,8525.666992,2.345013937,3.067569384,0.002584126,1.610307151,-0.530885846,0.943710845,0.68500706,0.928620457,0.660276453,1.179498876,0.001465922,8.72E-08,4.68E-12,4.20E-12,1.15E-23,1.10E-15,-1.47E-23,0,4224,4224,247.137085,0,0,0,1.15123051,0,0.525734108,0,1
0.685074075,250.2084126,0.928475124,1748.238384,0.887533288,36.59911384,6742.745125,1.797658995,2.223055983,0.003049619,1.155382406,-0.599819841,0.92229239,0.752483153,0.755306165,0.743760636,0.931186649,0.001594314,1.03E-07,5.18E-11,2.09E-12,-2.58E-24,1.07E-16,2.16E-23,0,3262,3262,218.4091629,0,0,0,1.16430862,0,0.56848458,0,1
0.690429652,265.2373783,0.912758695,1519.379681,0.893078543,33.58945707,5812.281344,1.706398801,2.125187708,0.002982999,1.127119086,-0.598336702,0.914584728,0.819993305,0.598531029,0.753076978,0.914927781,0.001679964,5.01E-08,3.33E-11,1.70E-13,4.01E-25,-1.67E-17,5.03E-26,0,3201,3201,216.7523087,0,0,0,1.168563051,0,0.498142761,0,1
0.63117789,337.2118611,0.921866932,2156.87288,0.859803237,44.87915111,8290.279658,2.170581813,2.726174304,0.00268619,1.382507528,-0.590544515,0.947444595,0.714894127,0.875714249,0.694580534,1.08502875,0.001544555,2.61E-08,8.51E-11,2.27E-12,9.68E-24,-1.22E-16,3.00E-23,0,3896,3896,245.2375901,0,0,0,1.229038512,0,0.510758999,0,1
0.6949331,217.4217872,0.92869766,1523.979694,0.891747015,33.65608849,5878.496988,1.705737651,2.126804839,0.002902011,1.13133491,-0.591850939,0.912202394,0.766988791,0.701885856,0.7589784,0.895593739,0.0016016,6.18E-08,6.74E-11,2.80E-13,-1.21E-24,-6.59E-17,-1.07E-25,0,3149,3149,212.7523087,0,0,0,1.144422171,0,0.537934651,0,1
0.597988894,314.6348376,0.935436943,2435.559686,0.828511024,51.39459027,9427.603905,2.369693006,3.083959731,0.002575119,1.601294502,-0.539789448,0.947181132,0.657627593,1.006735265,0.655738682,1.191502078,0.001408299,3.02E-08,1.85E-13,3.98E-12,2.95E-24,6.91E-16,1.70E-24,0,4303,4303,253.9655121,0,0,0,1.193406787,0,0.458494686,0,1
0.683179805,239.3277357,0.930354433,1717.368407,0.877854854,36.48771766,6630.145893,1.826192231,2.291016946,0.003081136,1.203967219,-0.589675465,0.923162196,0.755491878,0.737876664,0.730195606,0.964940558,0.001585869,3.66E-08,5.02E-13,6.71E-13,-3.78E-25,1.28E-16,-8.96E-26,0,3285,3285,214.1665222,0,0,0,1.11167581,0,0.4530316,0,1
0.487587948,319.1530234,0.95086607,3246.607054,0.76521776,72.61566689,12667.27519,3.025327517,4.027259819,0.002250327,1.999702848,-0.492668683,0.963058166,0.548371944,1.29582585,0.554020065,1.468883521,0.001356314,3.35E-08,1.97E-11,8.64E-13,-5.16E-25,1.49E-16,3.53E-24,0,5745,5745,290.1076477,0,0,0,1.166376291,0,0.500590356,0,1
0.489200185,487.2790088,0.929033573,3431.738214,0.763151812,72.62814739,13239.67385,3.137214206,4.168013845,0.002110103,2.08798493,-0.519917404,0.972667328,0.566999032,1.298396266,0.556461474,1.461828015,0.001396387,4.46E-08,2.06E-11,1.02E-12,-3.81E-24,-2.87E-17,2.70E-24,0,5718,5718,301.2792206,0,0,0,1.263876294,0,0.546195642,0,1
0.653588396,262.4785448,0.924714806,1742.412612,0.857119824,38.75896212,6707.171903,2.04402096,2.622116785,0.002898921,1.39295289,-0.564490231,0.933972039,0.772924776,0.70988429,0.705339473,1.042825761,0.001621861,3.76E-08,2.06E-11,3.03E-12,1.88E-23,5.45E-16,1.49E-23,0,3629,3629,232.6518036,0,0,0,1.187507168,0,0.447156381,0,1
0.678815863,271.1706315,0.922630963,1751.659172,0.874369469,36.93020806,6735.466055,1.858348862,2.354768504,0.00288845,1.275004335,-0.5780016,0.923077927,0.766607809,0.72313902,0.730581669,0.973938175,0.001620699,1.36E-07,1.26E-10,2.60E-12,-1.64E-23,5.81E-17,4.41E-23,0,3334,3334,221.2375901,0,0,0,1.168860287,0,0.58847073,0,1
0.518605226,299.5863372,0.949462857,2962.686007,0.776737942,64.61473896,11551.15769,2.884322281,3.817663087,0.002333999,1.977082414,-0.509217147,0.962198405,0.599382658,1.176228835,0.579870163,1.406591001,0.001404673,1.33E-09,3.83E-11,6.12E-12,-9.36E-23,-4.16E-17,2.43E-24,0,5324,5324,280.5512986,0,0,0,1.177055335,0,0.344150842,0,1
0.504380657,292.3005738,0.9548985,3239.25186,0.773757937,70.72151915,12664.70687,2.921329211,3.865782166,0.002460373,1.924741129,-0.496969755,0.960075698,0.55543738,1.286783824,0.567066655,1.43902484,0.001323966,2.11E-08,2.70E-11,1.14E-12,5.42E-24,-4.48E-17,3.21E-24,0,5516,5516,284.1076477,0,0,0,1.165069819,0,0.49029151,0,1
0.673438866,208.5686061,0.931985961,1532.605216,0.871330606,35.23832691,5921.852259,1.906664456,2.416919962,0.002957617,1.265522744,-0.566430098,0.922674869,0.785910636,0.672733722,0.722577218,0.991804056,0.001677922,1.17E-08,2.49E-10,7.50E-12,-2.01E-22,3.51E-16,2.54E-22,0,3388,3388,246.2792206,0,0,0,1.425353216,0,0.405363415,0,1
0.574682499,377.8414699,0.935554019,2930.097779,0.807427976,58.38954875,11342.54964,2.551503314,3.378094715,0.002372022,1.777702462,-0.52168599,0.952561126,0.628689322,1.124590941,0.633263859,1.259617902,0.001399,4.20E-08,6.05E-12,2.19E-12,1.39E-24,2.50E-16,-7.83E-24,0,4596,4596,259.6223664,0,0,0,1.167655014,0,0.539040108,0,1
0.724025987,207.9178939,0.922089961,1333.723889,0.896846279,29.15764231,5126.977663,1.580923339,1.969756369,0.003218587,1.074620892,-0.597494906,0.901546789,0.859559699,0.501658631,0.772002843,0.851350232,0.001713153,9.18E-09,2.27E-11,1.78E-12,8.11E-24,-7.91E-17,-7.86E-24,0,2817,2817,203.0954544,0,0,0,1.165799649,0,0.34270822,0,1
0.724100658,189.8300391,0.933060402,1417.194629,0.900249174,30.37743055,5478.948478,1.564263041,1.928790847,0.003251157,1.040718528,-0.599393084,0.898670722,0.806915796,0.619063363,0.775767519,0.84091291,0.001627011,3.70E-09,3.14E-11,7.84E-13,-3.25E-25,4.77E-17,3.88E-24,0,2817,2817,201.6812409,0,0,0,1.149620562,0,0.307384637,0,1
0.517878155,324.713533,0.935818852,2528.693797,0.781665872,60.0259381,9790.061654,2.868428681,3.798123108,0.002223484,1.927162168,-0.515194374,0.96321088,0.640262625,1.040857453,0.582228259,1.397030621,0.001487334,1.44E-09,7.15E-12,1.83E-12,3.85E-24,3.45E-17,5.39E-24,0,5334,5334,280.2081528,0,0,0,1.171976446,0,0.294531448,0,1
0.562104899,301.8583606,0.942187634,2609.497932,0.803447292,56.6583695,10136.13337,2.626207865,3.466150677,0.002614673,1.782261697,-0.519077406,0.954668878,0.645872537,1.068262229,0.617819893,1.28805445,0.0014639,2.88E-08,1.52E-11,1.26E-12,-5.53E-24,5.07E-17,3.54E-25,0,4756,4756,264.4507935,0,0,0,1.170734087,0,0.464959677,0,1
0.437095479,310.5248782,0.960066896,3886.664661,0.722711071,86.05881424,15236.13376,3.41329655,4.613607,0.001930966,2.307762689,-0.469541856,0.969724729,0.500714379,1.462254932,0.508011172,1.60641438,0.001262289,2.37E-08,2.46E-11,1.74E-12,-1.05E-24,-9.98E-17,-1.13E-23,0,6458,6458,309.2792206,0,0,0,1.179271504,0,0.450509,0,1
0.66167826,146.8975234,0.947232632,1391.357497,0.871638214,34.72064408,5418.532466,1.916536565,2.427878071,0.003108249,1.246571972,-0.559872331,0.920846874,0.818006789,0.580555096,0.720371548,1.010308181,0.001706122,1.93E-08,7.75E-11,1.93E-12,5.03E-24,9.18E-17,-2.31E-23,0,3534,3534,229.7228714,0,0,0,1.188919055,0,0.40158919,0,1
0.538781437,248.033795,0.944720024,2242.48255,0.794330226,54.84622173,8721.896405,2.69370428,3.54833662,0.002425214,1.806883434,-0.51208506,0.955131977,0.683620413,0.925642591,0.60091364,1.336790821,0.001587051,3.56E-08,3.66E-11,6.39E-14,7.80E-26,8.26E-18,5.89E-26,0,5056,5056,278.9360749,0,0,0,1.225216018,0,0.536898988,0,1
0.557942464,256.8051247,0.949533479,2543.335934,0.813073438,56.78668141,9916.538613,2.579408599,3.329115202,0.002385561,1.66369879,-0.535809499,0.954976882,0.627122095,1.062181485,0.619812073,1.296289347,0.001433802,2.72E-08,5.65E-12,1.31E-12,-2.73E-24,1.77E-16,-2.31E-24,0,4808,4808,271.5218613,0,0,0,1.22083088,0,0.464018084,0,1
0.63937175,289.7356549,0.925578154,1945.579554,0.853785326,41.94551192,7492.58256,2.115356318,2.707099588,0.002742658,1.433527726,-0.568064015,0.939550954,0.745546944,0.791038729,0.690905493,1.092454405,0.001585151,2.24E-10,3.46E-11,1.98E-12,-7.48E-24,-2.47E-17,1.45E-23,0,3800,3800,234.4091629,0,0,0,1.151266671,0,0.252410289,0,1
0.587877028,228.3549903,0.947784284,2185.628627,0.833268814,50.03916686,8514.159517,2.393036494,3.051899479,0.002924405,1.504516334,-0.553697602,0.950125963,0.674109881,0.935416142,0.650319232,1.201736972,0.001521739,6.91E-09,3.05E-11,4.27E-12,4.75E-23,3.05E-16,1.07E-23,0,4431,4431,253.137085,0,0,0,1.15138392,0,0.301793014,0,1
0.664228188,248.1932806,0.925771603,1671.136652,0.868720474,37.2648092,6436.353327,1.949536259,2.475150652,0.002750779,1.306428446,-0.572820339,0.928661906,0.767695268,0.715115231,0.722528811,1.003700269,0.001630931,7.73E-08,2.31E-11,1.54E-12,-1.30E-24,1.73E-16,-9.12E-24,0,3503,3503,230.8944443,0,0,0,1.211705808,0,0.48066988,0,1
0.436406085,322.1078273,0.948272555,3112.522471,0.74120198,77.29214068,12127.98206,3.290950981,4.388750977,0.001907073,2.14103558,-0.49161438,0.97062247,0.530587797,1.291786465,0.512118675,1.606406615,0.001408012,3.49E-09,1.80E-11,5.77E-13,-7.40E-25,2.52E-17,-1.71E-24,0,6470,6470,306.764502,0,0,0,1.158020601,0,0.20825547,0,1
0.458616186,141.2688847,0.971759022,2500.345753,0.751288668,67.03987519,9860.114127,3.188076841,4.223877259,0.002695635,2.026363108,-0.4845422,0.965485035,0.610879592,1.077489342,0.532245903,1.540416194,0.001457591,1.77E-08,3.14E-11,1.12E-12,6.71E-25,8.63E-17,-6.58E-24,0,6148,6148,306.9777054,0,0,0,1.220366206,0,0.401079954,0,1
0.524336228,382.4141938,0.952468368,4021.17266,0.782962231,74.23049901,15702.27645,3.030462105,3.950425499,0.002355963,1.917657064,-0.542619561,0.973081768,0.567620866,1.379321052,0.584065535,1.376865335,0.001318925,1.26E-07,6.37E-12,2.24E-12,-5.40E-24,-7.48E-17,6.49E-24,0,5247,5247,281.0782105,0,0,0,1.198819107,0,0.610390287,0,1
0.447484542,405.2790799,0.951609957,4186.013839,0.743625815,87.09871827,16338.77627,3.368750752,4.444112225,0.001967094,2.199907101,-0.505891427,0.974788365,0.490362786,1.537580073,0.519753499,1.588639842,0.00131745,4.45E-08,1.52E-10,3.76E-12,-8.59E-23,-7.35E-16,2.71E-23,0,6306,6306,312.0365799,0,0,0,1.229326978,0,0.559637612,0,1
0.580949716,315.3193712,0.947024784,2974.693013,0.817949383,57.86402693,11583.45268,2.56923498,3.32107478,0.002660239,1.70856239,-0.547331182,0.957968186,0.631019986,1.147973479,0.64173105,1.227195672,0.001325602,1.54E-08,8.36E-12,1.32E-11,-1.03E-22,-1.15E-17,9.31E-23,0,4516,4516,259.9655121,0,0,0,1.191483139,0,0.439798991,0,1
0.515722942,376.2607818,0.947589165,3588.03891,0.778248598,71.46251007,13975.89486,2.977651183,3.904058679,0.002316245,1.963627773,-0.524884374,0.968163249,0.560409506,1.340477482,0.576337646,1.40236322,0.001409022,2.01E-07,3.96E-11,1.32E-12,3.82E-24,3.98E-16,8.77E-24,0,5359,5359,289.5573952,0,0,0,1.245649695,0,0.713603108,0,1
0.650597841,291.0267063,0.957400459,3414.146123,0.856870225,55.48613093,13365.55779,2.143796389,2.702653381,0.002682408,1.386726807,-0.574889877,0.941581513,0.667451364,1.067235829,0.701982742,1.058388015,0.001076674,4.21E-09,3.25E-12,2.68E-12,-6.48E-24,-4.02E-17,4.52E-24,0,3666,3666,229.2375901,0,0,0,1.141273066,0,0.372237309,0,1
0.552953563,340.0217121,0.955356376,3806.723601,0.818067308,70.08934579,14886.87269,2.65365029,3.363457226,0.002381786,1.651074737,-0.548800986,0.95965007,0.579620637,1.268777196,0.619688994,1.297320946,0.001346044,3.30E-07,7.53E-11,8.22E-12,-2.03E-22,-4.59E-15,-2.44E-23,0,4860,4860,308.391919,0,0,0,1.558045263,0,0.78625793,0,1
0.505911971,423.8786273,0.94076411,3576.080006,0.761795686,72.25950853,13880.4414,3.0485381,4.078702778,0.002096526,2.15134268,-0.499318441,0.96604706,0.575281596,1.303048564,0.569655388,1.442656171,0.001359137,1.81E-08,1.14E-10,7.79E-14,9.32E-26,-9.64E-18,-2.12E-25,0,5486,5486,305.8233765,0,0,0,1.357362714,0,0.495412236,0,1
0.570184698,322.9439906,0.942506324,2807.415028,0.826327014,58.23689472,10906.71612,2.439046882,3.1340868,0.002429165,1.607081844,-0.53605863,0.947890916,0.609595242,1.134105362,0.635484798,1.260490564,0.001523748,3.53E-07,1.63E-10,8.13E-12,2.94E-22,3.20E-15,3.58E-23,0,4645,4645,284.9716088,0,0,0,1.391963446,0,0.74072552,0,1
0.529358032,318.6229911,0.93237825,2354.826663,0.789378705,56.29313441,9100.683662,2.835669079,3.719014935,0.00222831,1.866696017,-0.518607388,0.96190243,0.68502071,0.955419165,0.593933049,1.361494011,0.001614898,9.75E-08,9.17E-11,1.86E-12,-2.03E-23,-1.38E-16,1.34E-23,0,5169,5169,310.3502884,0,0,0,1.483570316,0,0.57195869,0,1
0.545463368,380.8704764,0.948834322,3720.237443,0.80075165,70.39238467,14500.0793,2.70263205,3.515036369,0.002290908,1.787668442,-0.517240157,0.955603435,0.575598672,1.267104256,0.60895366,1.328947391,0.001280067,3.11E-08,3.16E-10,1.21E-11,-1.42E-22,-8.14E-16,7.37E-22,0,4954,4954,315.8650071,0,0,0,1.603457264,0,0.543373811,0,1
0.457580503,495.3891815,0.961256414,6391.030328,0.754043448,107.4808166,25068.73213,3.357585045,4.362357886,0.001980765,2.012944108,-0.526042907,0.977249069,0.480834038,1.631749614,0.532897548,1.537318171,0.000982816,3.37E-09,7.32E-12,8.02E-13,4.11E-26,-4.26E-17,-1.94E-24,3103,3062,6165,299.6639969,241.6812409,0.503325223,1.498699178,1.159702025,0.390804024,0.319917197,1,2
0.579449045,515.1594305,0.946403205,4803.614146,0.816265205,75.16313264,18699.29715,2.600253477,3.34597448,0.002403914,1.662310178,-0.55260425,0.960129378,0.591011459,1.291059938,0.640343149,1.224045922,0.001038537,4.91E-09,2.50E-12,3.71E-13,-1.13E-25,-2.60E-17,3.39E-25,2041,2496,4537,253.4802307,164.6101731,0.449856734,1.057013901,1.127534318,0.701275955,0.382774517,1,2
0.466293578,612.4284345,0.957958604,7280.911305,0.742383648,113.0850762,28511.21678,3.327932925,4.402888019,0.001965211,2.127716658,-0.497974136,0.97238363,0.482713822,1.671679429,0.536836599,1.534597268,0.000966148,6.19E-08,2.93E-11,1.28E-12,-7.79E-24,-3.16E-16,8.37E-25,2557,3479,6036,310.8355698,215.0954544,0.423624917,1.440595646,1.274449263,0.846062211,0.653196161,1,2
0.425337656,499.3999634,0.962330631,6626.519032,0.726494674,115.1737547,26006.67616,3.615463911,4.768364477,0.001839453,2.243012918,-0.500728573,0.978786173,0.454036401,1.727152778,0.504483798,1.636897646,0.001014587,3.39E-08,3.66E-11,4.60E-13,-6.07E-25,8.44E-17,1.79E-24,2619,4007,6626,324.8355698,153.8406204,0.395261093,0.719476988,1.267903167,0.777225233,0.529280239,1,2
0.508997926,600.6760586,0.951847512,6234.938395,0.76641076,96.6947777,24339.07752,3.073187444,4.051864747,0.0021138,2.021977656,-0.511102846,0.968333248,0.526162042,1.548078128,0.578976333,1.417178867,0.000992685,1.71E-08,1.91E-11,6.81E-13,3.71E-25,4.59E-17,2.43E-24,2129,3320,5449,294.492424,145.2964646,0.390713892,0.789486654,1.267190202,0.637930425,0.485538219,1,2
0.572811969,392.0787084,0.955678923,4420.718225,0.815282644,72.79173475,17290.79419,2.634431259,3.377551695,0.002395317,1.667347496,-0.551521055,0.960787663,0.59127336,1.28913521,0.637772454,1.248583706,0.001083938,2.34E-08,4.37E-12,2.58E-12,-4.21E-24,-1.38E-16,7.54E-24,2037,2580,4617,265.9238816,147.3969696,0.441195582,0.849173517,1.219453287,0.747994255,0.540155199,1,2
0.520984063,489.4510355,0.962203842,6472.397933,0.772736643,97.52684533,25400.1407,2.956686361,3.903955373,0.002152092,1.942896734,-0.500110009,0.962006905,0.534508429,1.505952251,0.588029633,1.398691611,0.000908242,4.96E-09,8.31E-12,3.46E-13,5.86E-25,2.17E-17,4.12E-26,2276,3013,5289,288.8355698,154.1248917,0.430327094,0.830966798,1.255851081,0.749137915,0.425376119,1,2
0.543434335,533.8336508,0.95540477,5982.344232,0.793066396,89.30199043,23395.54328,2.885468707,3.742954445,0.00226672,1.830304219,-0.534333569,0.966569487,0.5567923,1.462696001,0.607413661,1.329328731,0.000975584,1.37E-08,3.92E-12,2.56E-12,1.35E-24,4.72E-17,7.99E-24,2658,2337,4995,274.4091629,222.3675324,0.532132132,1.481146912,1.200251026,0.565152763,0.403343752,1,2
0.389650381,646.0905183,0.958234778,7732.315517,0.701056743,130.312909,30283.17155,3.957666446,5.228857564,0.001705305,2.372056919,-0.516864994,0.986677173,0.416145944,1.946028517,0.468352884,1.699856261,0.000980961,2.61E-08,6.99E-11,4.93E-12,-9.16E-23,5.11E-16,-1.97E-24,2836,4327,7163,338.2497834,231.7228714,0.395923496,1.507446602,1.271716961,0.799609265,0.56659336,1,2
0.472084615,521.9814818,0.94114602,4432.839772,0.757768799,86.03395639,17209.37761,3.180628398,4.201504297,0.00205257,2.057883665,-0.517171472,0.972700081,0.505378785,1.502734806,0.545624755,1.502978705,0.001234164,4.97E-08,6.84E-12,1.67E-13,-9.70E-26,-3.37E-17,-1.50E-25,2553,3407,5960,296.1076477,152.5391052,0.428355705,0.725641204,1.171287071,0.845976756,0.543083294,1,2
0.570185493,450.5382519,0.935461544,3488.918476,0.816046836,64.30190134,13505.13565,2.625747463,3.374784009,0.002418301,1.681429565,-0.564096788,0.96389639,0.597721002,1.231450301,0.632450864,1.25663099,0.001293635,2.02E-08,1.74E-11,7.18E-13,-1.28E-24,-1.01E-16,-2.19E-24,1943,2710,4653,261.3797257,202.7523087,0.417580056,1.684492867,1.169017745,0.85677571,0.353680817,1,2
0.439138807,438.8766124,0.951136276,4489.391043,0.748776832,92.85325959,17518.68756,3.365751318,4.400634477,0.002086796,2.07023944,-0.515284214,0.975859777,0.482675817,1.509678299,0.518436573,1.593876635,0.001186712,1.22E-08,1.55E-12,4.70E-14,-4.61E-27,5.08E-18,1.18E-26,2131,4298,6429,309.6639969,291.3797257,0.331466791,3.172090513,1.187540323,0.927304535,0.345989119,1,2
0.445727125,416.0663078,0.944393168,3739.926164,0.754805142,83.80809556,14543.63835,3.145211946,4.172012367,0.002031272,2.060316425,-0.491198856,0.965966529,0.496963651,1.426442157,0.527957877,1.577496007,0.001290526,2.40E-09,9.09E-12,3.45E-14,1.70E-26,1.62E-18,9.17E-27,2443,3893,6336,304.5929291,289.1787156,0.385574495,2.725332796,1.165828926,0.874426599,0.337655145,1,2
0.45119652,431.2917307,0.94580626,3977.833192,0.763604951,85.9130709,15480.04104,3.104657753,4.085158293,0.002052812,1.99587748,-0.499237447,0.966015871,0.496982945,1.430263729,0.535621637,1.553400695,0.001252543,3.07E-08,1.40E-11,3.28E-13,3.34E-25,3.44E-17,6.18E-25,2182,4075,6257,304.5929291,175.5391052,0.348729423,1.124354792,1.180548518,0.731426517,0.482171448,1,2
0.432205975,586.2495787,0.939318255,4829.071664,0.743223634,97.3922416,18730.03708,3.269468157,4.342988467,0.001911698,2.163069937,-0.495361222,0.970599371,0.485219216,1.466376423,0.518229519,1.598194102,0.001146999,1.04E-08,1.84E-12,2.26E-13,1.20E-25,2.12E-17,8.18E-26,2189,4345,6534,305.3208512,177.7817459,0.335016835,1.149579294,1.135910618,0.685159618,0.430201444,1,2
0.542213162,420.9319462,0.937686351,3376.244642,0.801153839,67.41511531,13084.04662,2.654826038,3.486664413,0.002327614,1.76997972,-0.521792694,0.95608343,0.574052072,1.243769171,0.606376,1.341233116,0.001269004,1.01E-08,1.68E-11,1.94E-13,-3.03E-25,1.75E-17,1.76E-25,2411,2605,5016,264.7939392,307.2792206,0.480661882,3.118024587,1.112932728,0.643677339,0.353698676,1,2
0.610671291,426.0090015,0.922205796,2736.881038,0.839901322,53.13154562,10521.51515,2.226975536,2.872751669,0.002544796,1.513782019,-0.558604788,0.944238906,0.644681404,1.043651304,0.669853972,1.153915932,0.001358127,2.79E-08,3.97E-12,5.28E-14,2.37E-26,5.55E-18,-4.81E-27,1927,2223,4150,241.137085,200.0660172,0.464337349,1.653770722,1.115553176,0.623406937,0.470576573,1,2
0.416911676,456.9697614,0.945558996,4195.471395,0.751733244,92.58993138,16324.91582,3.487611253,4.481755442,0.001934595,2.040517003,-0.543648584,0.981990395,0.466165806,1.520663422,0.501915264,1.635378536,0.001293647,3.38E-08,1.75E-11,1.26E-12,1.02E-24,1.24E-16,5.86E-24,3158,3596,6754,323.8650071,224.7523087,0.467574771,1.273522312,1.23645227,0.67415561,0.554685811,1,2
0.461682848,481.852581,0.963462322,6591.524108,0.757983986,108.5460942,25884.24385,3.333388658,4.326117632,0.002004236,1.991655818,-0.52524162,0.976496683,0.484633148,1.631649657,0.537848407,1.545948642,0.000943652,8.20E-09,3.42E-12,2.21E-12,5.61E-24,1.98E-16,-2.31E-24,2800,3307,6107,296.4507935,258.9949494,0.458490257,1.907369876,1.14574422,0.654755629,0.486650925,1,2
0.50851306,546.425358,0.955964036,6201.405925,0.776615857,96.90034492,24259.19834,3.021278412,3.918398904,0.002143632,1.886217874,-0.528111242,0.969206549,0.522290582,1.523966946,0.577414088,1.415928936,0.00102909,4.04E-08,5.44E-11,2.76E-13,2.13E-27,4.50E-17,1.07E-24,2468,2987,5455,295.137085,214.0243866,0.452428964,1.477718558,1.271344278,0.689216386,0.58549702,1,2
0.469478846,568.2138896,0.949395737,5612.099425,0.758445735,97.52251325,21880.18381,3.296626416,4.299790494,0.002022655,2.029748408,-0.533473051,0.977653129,0.491830826,1.598685167,0.544299417,1.507953359,0.001104273,1.59E-08,2.26E-12,1.96E-13,-2.86E-26,-1.67E-17,-1.27E-25,2409,3588,5997,294.2081528,160.2253967,0.40170085,0.848469571,1.149173806,0.79938418,0.463395722,1,2
0.598718113,459.9693505,0.951894339,4778.478042,0.828682414,72.11768468,18653.94282,2.525250072,3.212568519,0.002485604,1.58371233,-0.575118209,0.961660013,0.606335699,1.30281605,0.657872824,1.187514379,0.001007449,6.04E-09,4.86E-13,3.10E-12,3.29E-24,-1.36E-16,-1.90E-24,2140,2155,4295,248.9949494,210.8528137,0.498253783,1.654075729,1.149286402,0.900240579,0.491283913,1,2
0.515116768,437.0629417,0.964931297,6228.971771,0.790967188,95.35988007,24478.82414,3.02402403,3.859236805,0.002202648,1.802915959,-0.560874111,0.974800981,0.528529483,1.563963675,0.581545216,1.409063653,0.000924182,1.55E-08,4.19E-12,3.93E-12,8.41E-24,-1.74E-16,-1.36E-23,2473,2898,5371,281.2792206,237.2375901,0.460435673,1.811979382,1.172817691,0.870794444,0.487445159,1,2
0.513062706,591.1657318,0.964258261,8267.119139,0.776731885,111.9653382,32477.31082,2.95801019,3.862103245,0.002154125,1.889960833,-0.508589518,0.9631356,0.527588578,1.55972355,0.580484782,1.417160822,0.00079688,8.70E-09,9.55E-12,5.76E-13,-1.15E-24,-4.50E-17,7.11E-25,1944,3443,5387,314.391919,120.6396103,0.360868758,0.596065453,1.460851713,0.678754883,0.456277744,1,2
0.520963475,489.2392188,0.959880938,6094.785612,0.781985973,93.49368452,23889.90323,3.037319384,3.947348001,0.00218408,1.924375408,-0.535169151,0.971393307,0.532944528,1.556718735,0.587254035,1.385483916,0.000922094,3.53E-08,9.10E-12,6.44E-13,1.11E-24,6.67E-17,1.10E-24,2611,2680,5291,283.2792206,349.5634919,0.493479493,3.726109613,1.207541421,0.869831496,0.614919173,1,2
0.498320331,527.7791073,0.958757783,6396.506405,0.791777961,100.7662052,25058.24651,3.026976392,3.855308536,0.002195661,1.775219291,-0.540063822,0.970468219,0.520077535,1.495976632,0.573454305,1.440120834,0.0010159,1.04E-07,1.03E-11,8.07E-13,-2.23E-24,2.42E-16,6.41E-25,2977,2602,5579,339.6406563,158.2670273,0.533608174,0.669903761,1.646240729,0.711710921,0.666581195,1,2
0.396718502,560.9435938,0.96512207,8039.040165,0.719704208,133.0840954,31595.21707,3.845522649,4.985487055,0.001771003,2.220680464,-0.520989551,0.984763838,0.436585735,1.800718824,0.478608132,1.69243096,0.000892759,3.55E-09,2.42E-11,2.04E-12,1.39E-23,4.60E-17,-3.82E-24,2943,4099,7042,371.1492783,288.2081528,0.417921045,2.247152894,1.557440918,0.707921523,0.375068939,1,2
0.577989458,505.5096217,0.955484692,5675.228929,0.805271088,81.93282328,22195.40609,2.657932262,3.447028335,0.002370633,1.745600883,-0.536558813,0.959037982,0.589771002,1.356641809,0.634920866,1.245806131,0.000922277,1.83E-08,3.17E-12,1.11E-12,-9.23E-25,9.83E-17,1.86E-24,1923,2625,4548,274.2081528,120.0832611,0.422823219,0.59702982,1.316287118,0.789413157,0.512824055,1,2
0.536963534,493.676969,0.956280642,5643.410979,0.777956335,87.77978218,22079.96695,2.932764737,3.857306532,0.00220127,1.940904909,-0.515472308,0.964809949,0.552703249,1.455338696,0.59453384,1.365943912,0.000992858,4.13E-08,7.10E-11,5.58E-12,-3.98E-23,4.44E-16,1.04E-22,1866,3203,5069,306.1076477,129.9827561,0.368119945,0.720891996,1.471758082,0.804933569,0.592914007,1,2
0.481700872,590.6401746,0.957317153,6916.276166,0.745045829,107.3666355,27074.46449,3.248718232,4.340165287,0.001999082,2.15100673,-0.490090535,0.969414027,0.498885433,1.630444509,0.546232695,1.495593073,0.000888573,1.66E-09,2.90E-13,2.39E-13,-4.05E-26,6.44E-19,-4.80E-26,2653,3170,5823,298.9360749,187.3380951,0.455607075,1.053235067,1.221856563,0.729326413,0.249713606,1,2
0.673673745,328.0347279,0.946149928,3044.070467,0.869825331,49.90848263,11848.24714,1.992537052,2.499379737,0.002768179,1.264834206,-0.587147316,0.935050745,0.682336131,1.027622132,0.725021324,0.982841381,0.001170559,7.67E-09,3.34E-11,1.15E-12,1.46E-24,-6.41E-17,-7.01E-24,1612,1781,3393,223.0954544,233.0954544,0.475095785,2.683570024,1.167906147,0.778064368,0.40785295,1,2
0.501912655,486.5172758,0.957970942,5785.243835,0.768168546,93.77650706,22654.45806,3.186685679,4.151875659,0.002106186,1.991543516,-0.527478491,0.973885152,0.516889952,1.589571955,0.570743799,1.43841989,0.001011693,1.67E-08,9.81E-12,3.54E-12,1.27E-24,1.39E-16,-2.08E-23,2773,2763,5536,318.4507935,254.5512986,0.500903179,1.860420536,1.458474868,0.818212769,0.484697958,1,2
0.652368051,274.0014315,0.958012835,3261.463932,0.85378177,54.33194267,12771.8543,2.075122385,2.646687987,0.002666066,1.373372507,-0.554913021,0.931898362,0.669441051,1.021273089,0.700278519,1.066650462,0.001115857,4.72E-08,6.33E-13,1.46E-13,6.33E-27,-2.89E-17,4.41E-26,1713,1930,3643,234.3086579,249.7228714,0.470216854,2.898475526,1.199852504,0.870524033,0.594279604,1,2
0.667414508,365.6602939,0.946103454,3390.600932,0.851677884,52.62149549,13196.74343,2.146470256,2.744702629,0.002692409,1.440966453,-0.579682105,0.945138574,0.688590332,1.062921186,0.713806961,1.021300412,0.001076318,8.46E-09,2.14E-12,5.33E-12,1.80E-23,2.10E-16,4.45E-25,1495,1971,3466,225.8233765,115.9411255,0.431332949,0.715886532,1.171438776,0.69573072,0.32242944,1,2
0.509097275,459.3958661,0.958523891,5535.017242,0.769006207,90.64462391,21680.6731,3.140764975,4.094652439,0.002122767,1.982527251,-0.534138869,0.974151528,0.533643086,1.505924897,0.570601421,1.429839372,0.001058632,7.88E-08,1.46E-11,3.99E-12,2.49E-23,6.56E-16,1.76E-23,2475,2970,5445,297.4386002,161.5391052,0.454545455,0.83944163,1.293621228,0.842776819,0.598928865,1,2
0.451924764,565.8033553,0.958362915,6792.118398,0.729100097,111.6330063,26602.67024,3.444879415,4.61199609,0.00189533,2.263750956,-0.485643727,0.973443053,0.480020117,1.661438276,0.523479951,1.569451684,0.000928395,1.26E-08,8.71E-13,1.71E-13,-2.03E-26,1.09E-18,6.30E-26,2685,3558,6243,306.9066376,198.0954544,0.430081691,1.163630486,1.201239455,0.728875739,0.461909411,1,2
0.416312031,630.7813826,0.95637877,7227.754673,0.707004764,121.2102934,28280.23731,3.733246405,5.004185096,0.00176973,2.388574318,-0.492374359,0.980557604,0.442734532,1.826631491,0.489998865,1.660756895,0.000942379,1.33E-08,1.32E-12,3.24E-13,1.67E-25,1.02E-17,1.31E-25,2342,4422,6764,315.1787156,139.9827561,0.346244826,0.666150794,1.169285393,0.532468531,0.533930316,1,2
0.46749107,553.6281526,0.957893385,6572.319869,0.736493546,106.9061979,25735.65132,3.363009106,4.488437559,0.001943755,2.199640753,-0.494696756,0.973277172,0.490010371,1.636330053,0.538540842,1.526985352,0.000946789,5.54E-09,1.20E-11,4.81E-13,7.26E-25,2.38E-17,9.04E-25,2531,3491,6022,303.9482682,175.6812409,0.420292262,0.970887693,1.22143105,0.780946654,0.363429315,1,2
0.70894226,384.7399576,0.952434348,4042.174691,0.87741133,53.52885868,15783.95881,1.808693566,2.267950869,0.002860488,1.199137402,-0.574559578,0.915834794,0.710890358,0.99113341,0.749340525,0.905579011,0.000979399,6.33E-08,8.98E-12,3.04E-12,1.39E-23,7.46E-16,7.57E-24,2600,382,2982,221.7523087,210.4386002,0.871898055,1.356087838,1.31292229,0.547533915,0.640040893,0,3
0.888869706,203.3477691,0.888268633,909.454215,0.959001657,14.02333582,3434.469091,0.697610361,0.831454926,0.003528566,0.5178852,-0.654555523,0.744604883,0.8924096,0.409836298,0.913839286,0.377675182,0.001386193,5.95E-08,3.52E-12,9.76E-13,1.13E-24,2.01E-16,1.41E-24,375,688,1063,123.7401154,72.28427125,0.352775165,1.109345195,1.146827581,0.570535875,0.495749188,0,3
0.749473281,313.8141354,0.949715425,3118.791462,0.899163325,42.32281492,12161.35171,1.550791107,1.921452698,0.003026198,1.03757061,-0.597825166,0.897388121,0.749018336,0.879019825,0.78565467,0.79604069,0.001023066,1.05E-09,7.70E-12,5.09E-12,2.09E-23,-1.59E-16,-2.41E-23,1849,685,2534,188.6101731,165.6396103,0.729676401,1.181413283,1.117722458,0.708146497,0.348421768,0,3
0.869373993,252.4457879,0.90674374,1352.738148,0.953564563,18.93002839,5158.506806,0.805137909,0.944327948,0.003461126,0.574011811,-0.671677567,0.784163926,0.866627082,0.494506681,0.897956622,0.42753479,0.001217397,3.68E-08,2.35E-12,5.37E-14,-8.32E-27,-9.86E-18,-1.72E-26,520,741,1261,133.9827561,85.69848481,0.412371134,1.124484061,1.133425784,0.660703234,0.506384055,0,3
0.784420018,284.6784724,0.94313083,2501.387419,0.915557636,34.19058389,9720.871202,1.370542125,1.665383161,0.003142165,0.918532844,-0.635507429,0.887548542,0.789526125,0.763128514,0.818206112,0.69469445,0.001089383,2.48E-08,6.23E-13,1.41E-11,-3.84E-23,1.94E-15,1.69E-23,1626,526,2152,174.4680374,156.7106781,0.755576208,1.2025053,1.126159345,0.589686218,0.474174404,0,3
0.796294343,320.8767536,0.934081714,2432.536851,0.918824279,33.2027679,9409.270649,1.267019472,1.546748691,0.003176916,0.870784703,-0.621066238,0.86680458,0.791809819,0.722609688,0.826310428,0.657759297,0.001053654,1.15E-08,1.88E-11,1.78E-12,1.03E-23,1.76E-16,-6.88E-26,1253,771,2024,170.9533188,131.9827561,0.619071146,1.106862504,1.149621627,0.502818464,0.43507427,0,3
0.731056556,347.3875313,0.95472099,3833.986283,0.887451942,49.51973057,14988.5576,1.682841105,2.098448392,0.002935278,1.124761089,-0.588712517,0.90879239,0.735846715,0.909697552,0.765297215,0.843343397,0.000940145,1.24E-08,9.19E-13,7.96E-13,-4.80E-25,-7.31E-17,-4.83E-25,2162,576,2738,198.509668,180.2670273,0.789627465,1.19670544,1.145882911,0.606537307,0.490985566,0,3
0.800577683,300.8048511,0.93007415,2149.835507,0.919146242,30.76009708,8298.537176,1.234766298,1.526384033,0.003188973,0.877148951,-0.607392168,0.857651692,0.8007784,0.687850422,0.831944138,0.647930282,0.001105924,1.27E-08,3.91E-12,6.48E-13,-1.03E-24,6.51E-17,2.71E-26,1077,902,1979,167.4386002,129.8406204,0.54421425,1.246280562,1.127913346,0.513236482,0.397721483,0,3
0.71100809,412.9158669,0.956292249,4721.141206,0.88294391,57.22566489,18471.64896,1.798848754,2.233718145,0.002883561,1.155402952,-0.594711148,0.921217453,0.71431175,1.014727532,0.7541505,0.889878107,0.000890639,9.45E-09,1.29E-11,3.20E-12,1.77E-23,2.22E-16,-1.05E-23,1820,1142,2962,211.9949494,162.9533188,0.614449696,1.161623509,1.208026149,0.603640763,0.435794419,0,3
0.686039885,448.0186104,0.950967752,4566.099753,0.870826326,59.20996103,17816.3804,1.960885413,2.442579659,0.002798676,1.264880016,-0.584258662,0.930823936,0.694981065,1.048474102,0.733076958,0.959170716,0.001063356,1.16E-07,2.66E-10,9.51E-12,2.05E-22,-6.31E-16,-4.32E-22,2580,658,3238,249.4802307,199.3380951,0.796788141,1.226228095,1.530402936,0.56914919,0.65889259,0,3
0.690390372,397.8143099,0.950635339,4027.016311,0.865788949,54.99258394,15710.25094,1.946197691,2.457942375,0.002781209,1.306806781,-0.579627638,0.930008514,0.696686547,1.057003419,0.731530086,0.955966998,0.001029378,4.58E-08,1.18E-11,2.47E-12,-5.54E-24,-4.71E-16,1.22E-23,2166,1033,3199,216.0243866,181.2964646,0.67708659,1.208177041,1.161453112,0.724076002,0.580577536,0,3
0.609360228,368.3424196,0.96287202,4957.465245,0.847346925,71.10738316,19461.51856,2.382599113,2.95220043,0.002653938,1.41120296,-0.593684142,0.957434488,0.619132882,1.261753523,0.667395413,1.152654346,0.001015132,1.63E-08,4.20E-12,8.64E-12,4.43E-23,-2.03E-16,2.74E-23,2732,1431,4163,247.6812409,202.0243866,0.656257507,1.189425539,1.173248964,0.71754478,0.475097977,0,3
0.594073731,451.1883979,0.95925852,5534.326622,0.842635044,77.33597714,21686.11809,2.505945368,3.074889906,0.002531633,1.445815989,-0.608548715,0.965219319,0.608853191,1.287906314,0.656538656,1.169491686,0.001029775,7.11E-08,2.15E-11,4.50E-12,4.28E-23,-2.47E-16,-1.13E-23,2723,1626,4349,262.6518036,204.6101731,0.626120947,1.224100752,1.262937119,0.652088627,0.649005202,0,3
0.463935618,540.8719811,0.966751434,8130.520312,0.781816575,117.4903828,31981.20927,3.346054611,4.195479417,0.0021009,1.880548894,-0.578299894,0.983211138,0.511451801,1.608813254,0.543246158,1.505082851,0.0009524,7.55E-08,1.80E-11,9.31E-12,3.15E-23,2.34E-15,-1.16E-22,2968,3104,6072,308.0071427,210.0243866,0.488801054,1.183275613,1.24394212,0.661292161,0.67867549,0,3
0.842236344,202.2784533,0.937016307,1604.824399,0.937135746,23.10717909,6217.019143,1.017219195,1.225103701,0.003337472,0.711052963,-0.646009987,0.830040929,0.847089687,0.561988759,0.86750581,0.530584584,0.001162612,9.73E-08,6.58E-12,5.60E-12,2.44E-23,1.72E-15,-2.36E-23,1327,213,1540,147.7401154,137.4974747,0.861688312,1.13430248,1.128460878,0.51988435,0.626206251,0,3
0.760601582,314.4442352,0.943083553,2760.646308,0.900181812,38.7411181,10728.141,1.488472847,1.851645582,0.003043971,1.01879805,-0.592676482,0.888404018,0.760668362,0.827657782,0.795707049,0.759131904,0.001086202,7.60E-09,1.21E-11,1.96E-12,-2.66E-24,-6.99E-17,9.15E-24,2021,388,2409,190.1248917,173.9827561,0.838937318,1.192494705,1.194679798,0.65013161,0.429477867,0,3
0.756055453,330.7815013,0.943915162,2947.171407,0.902295917,40.69983438,11457.90413,1.500738272,1.859094523,0.003040487,1.022218061,-0.596875147,0.891072602,0.756225854,0.840365868,0.796775416,0.765473147,0.001056809,2.53E-08,1.29E-12,1.04E-12,5.69E-25,-1.06E-16,1.06E-24,1910,550,2460,189.5391052,167.6396103,0.776422764,1.171467592,1.162714011,0.542570068,0.515127631,0,3
0.698333446,459.7523274,0.948435287,4455.533859,0.876532485,57.01720962,17362.38311,1.856905327,2.313506671,0.002836668,1.224783455,-0.589017898,0.924501102,0.706326505,1.008360863,0.743423475,0.920720737,0.000966445,2.44E-09,1.15E-11,2.78E-13,-4.01E-25,-1.32E-17,-2.95E-25,2421,687,3108,213.3380951,192.6101731,0.778957529,1.220039844,1.165913085,0.656776056,0.398339286,0,3
0.681069726,414.2018914,0.963275446,5636.638342,0.886807518,66.43957352,22132.35148,1.918609935,2.312277905,0.002926848,1.118959331,-0.641831081,0.94195561,0.733435037,0.938955203,0.754459626,0.884296099,0.000844414,2.75E-08,9.83E-12,4.00E-12,-2.42E-23,3.23E-16,6.68E-24,2283,1030,3313,230.3086579,193.3380951,0.689103532,1.303584896,1.274704308,0.823859812,0.624544666,0,3
0.71308997,350.9348941,0.956145876,3998.729468,0.877081442,51.96250453,15643.98298,1.830396548,2.283973952,0.002866816,1.225750637,-0.597585803,0.925670573,0.719194403,0.996714156,0.750633325,0.895420541,0.000962694,8.07E-09,9.93E-12,4.53E-12,-2.85E-23,-2.95E-16,-1.05E-23,1923,1016,2939,208.3675324,167.3969696,0.654304185,1.160182365,1.176172095,0.643248876,0.349572223,0,3
0.746057966,382.304174,0.949881194,3811.89749,0.89878599,46.93554534,14865.28579,1.607104753,1.969778018,0.003009427,1.047364529,-0.623971632,0.912213617,0.748303889,0.909154305,0.782630357,0.804244477,0.000936477,7.89E-09,9.29E-13,6.21E-12,-1.17E-23,-3.93E-17,-9.20E-24,1672,900,2572,189.1959595,156.4680374,0.65007776,1.165803509,1.108059575,0.690333047,0.409378209,0,3
0.729390144,399.1617483,0.938696555,3253.846406,0.887700181,45.45727669,12616.22388,1.671693648,2.085733503,0.002939129,1.135093664,-0.596441503,0.910884748,0.732071142,0.905012278,0.767633705,0.846554717,0.001096717,3.41E-08,2.92E-11,9.52E-13,1.80E-24,1.76E-16,-4.69E-24,1805,952,2757,198.2670273,160.3675324,0.654697135,1.134399555,1.135205756,0.319671553,0.513965768,0,3
0.77138126,325.8192274,0.941091627,2763.807967,0.902212619,37.88305803,10729.41264,1.456537037,1.819209067,0.003070572,1.026452371,-0.597375307,0.887256533,0.776153629,0.788607095,0.80356666,0.737882136,0.001018308,8.97E-09,4.17E-12,5.02E-13,-4.09E-26,4.60E-17,-7.24E-25,1560,732,2292,183.2964646,155.0538239,0.680628272,1.227017409,1.167088861,0.454811056,0.442221805,0,3
0.753490362,335.7012522,0.935658341,2607.247258,0.896103265,38.31193335,10093.28778,1.544259591,1.929125043,0.003015575,1.075089275,-0.600735157,0.899269495,0.757112302,0.836239543,0.79077071,0.773066208,0.001146848,4.22E-08,3.80E-12,1.45E-12,1.91E-24,1.14E-16,2.81E-24,1729,759,2488,191.1959595,159.9827561,0.694935691,1.178587188,1.16981559,0.577210196,0.549750449,0,3
0.755262234,386.0309212,0.928443048,2695.872226,0.897486003,38.5418427,10397.45798,1.522377104,1.901169626,0.00302286,1.074829606,-0.609642003,0.900518002,0.760418685,0.828229008,0.794177416,0.760017165,0.001141137,2.50E-08,3.81E-12,1.82E-12,4.31E-24,-6.88E-17,-2.11E-24,1462,1008,2470,186.6101731,143.3969696,0.591902834,1.119806374,1.122494027,0.235029843,0.489028446,0,3
0.78209935,339.3628271,0.933431026,2547.614232,0.913269878,35.17004518,9851.094099,1.359886072,1.656822497,0.00313062,0.933355438,-0.631905283,0.885020833,0.781700687,0.755147486,0.817716342,0.695302069,0.001077571,5.26E-09,9.99E-12,2.40E-12,-1.01E-23,1.26E-16,5.95E-24,1663,514,2177,176.8528137,157.882251,0.763895269,1.19339642,1.143867917,0.517779028,0.323416646,0,3
0.707391064,368.1306378,0.947771442,3522.132032,0.887784216,49.39915451,13720.39749,1.844732197,2.240363211,0.002896454,1.124903214,-0.630830468,0.934211283,0.712218966,0.985718534,0.752530951,0.900484218,0.001068717,1.89E-08,6.25E-11,6.25E-13,3.71E-24,-5.97E-18,1.22E-24,2522,475,2997,229.6812409,202.6101731,0.841508175,1.29594859,1.401440517,0.663738669,0.508226654,0,3
0.551329102,647.2943629,0.949996849,6469.727557,0.811331107,89.29755521,25231.61586,2.810128462,3.554318761,0.002341123,1.700572451,-0.578700896,0.971763261,0.570674714,1.452834447,0.615504946,1.279850885,0.001078898,1.42E-07,2.07E-11,4.16E-12,-3.85E-23,1.39E-15,-1.56E-24,2460,2423,4883,300.8355698,192.2670273,0.503788655,1.19642334,1.47564539,0.655285278,0.69269738,0,3
0.632053526,467.2805181,0.947032921,4408.794491,0.851891683,64.59596664,17167.89745,2.231712341,2.786311399,0.002628414,1.413608254,-0.589151442,0.949761893,0.638753691,1.190069639,0.689477645,1.088544115,0.001089376,9.57E-09,2.18E-12,1.99E-12,4.10E-24,1.91E-16,5.37E-25,2544,1344,3888,236.9949494,198.9533188,0.654320988,1.238784121,1.150170663,0.450766908,0.357275804,0,3
0.692277931,409.8599494,0.945545429,3761.270268,0.87606711,52.75702751,14635.22112,1.888992199,2.35215565,0.002826367,1.226740733,-0.599214471,0.93053942,0.694388427,1.051701483,0.740384564,0.9283866,0.001073577,2.84E-08,2.19E-13,4.28E-12,3.78E-24,-4.59E-16,1.72E-24,1991,1186,3177,217.3380951,169.882251,0.626691848,1.154077873,1.183763264,0.62468446,0.4764384,0,3
0.679164197,453.5443788,0.95259558,4781.128183,0.877576695,61.30864455,18670.96835,1.936103966,2.37204821,0.00281974,1.207667611,-0.60575413,0.93391024,0.700503629,1.010222273,0.729609793,0.966034329,0.000984941,3.53E-08,4.05E-11,3.50E-13,-8.20E-25,4.01E-18,1.03E-24,2487,842,3329,222.7523087,192.509668,0.747071193,1.186423295,1.186700139,0.691938521,0.591905332,0,3
0.693253022,406.9624034,0.953829213,4404.760353,0.883386646,57.48177298,17212.07901,1.817757358,2.242863662,0.002876549,1.156690995,-0.596900473,0.922600394,0.707535069,0.978072284,0.739138026,0.935710315,0.000980994,4.38E-08,1.41E-11,7.30E-13,-2.28E-24,-1.12E-16,-5.43E-25,2565,602,3167,216.9949494,199.9238816,0.809914746,1.240658746,1.183754242,0.665350525,0.602321071,0,3
0.71069695,381.7187688,0.949508989,3778.262684,0.889038863,51.2205853,14731.33197,1.79651584,2.190934935,0.002907776,1.12178448,-0.617820322,0.926618704,0.714108975,0.968161805,0.75864078,0.878968554,0.001011275,1.47E-08,1.97E-11,5.01E-12,1.47E-23,9.36E-17,4.75E-23,2233,734,2967,209.4802307,194.7523087,0.752612066,1.35234303,1.177548765,0.682274796,0.515227572,0,3
0.727462042,430.3549594,0.943266339,3790.40395,0.893976342,49.15604265,14731.26084,1.678677513,2.060294802,0.00296231,1.08407349,-0.609618616,0.914005966,0.730969122,0.925262353,0.769373584,0.838752331,0.001009897,2.79E-08,1.56E-11,5.95E-13,1.22E-25,-5.85E-17,1.81E-24,2219,558,2777,203.1959595,181.1959595,0.799063738,1.178012982,1.183762605,0.549927217,0.516695694,0,3
0.707895185,379.5816837,0.952206824,3969.080859,0.886298988,52.90504004,15496.74175,1.78880783,2.197612752,0.002887111,1.129654969,-0.60492063,0.92242542,0.712158122,0.971409285,0.75125984,0.893538912,0.000986029,9.44E-09,1.83E-11,8.03E-13,3.07E-24,1.55E-17,-1.73E-25,2156,843,2999,209.8233765,179.0538239,0.718906302,1.183937576,1.168803861,0.563404962,0.433213787,0,3
0.739235234,340.9415647,0.948642912,3317.562654,0.889874656,44.9933322,12929.30905,1.628494844,2.037653307,0.002963758,1.114334536,-0.586284106,0.902823326,0.741473152,0.897565116,0.775263911,0.825510419,0.001015677,4.89E-08,3.54E-11,4.02E-12,4.21E-23,8.84E-16,-2.31E-23,2176,470,2646,197.0954544,182.6101731,0.822373394,1.220116796,1.168890254,0.494937001,0.552730665,0,3
0.794725005,331.4012799,0.933984533,2508.691308,0.913600799,33.43143951,9703.363951,1.304385041,1.609733137,0.003157595,0.922954828,-0.613589203,0.87131682,0.796308809,0.731554328,0.824131497,0.671646624,0.001083564,1.34E-08,4.38E-12,1.43E-13,-4.83E-26,8.70E-18,1.03E-25,1486,554,2040,174.0243866,150.5391052,0.728431373,1.214199954,1.181953569,0.719296897,0.183016111,0,3
0.736871293,384.8329029,0.940613823,3238.278451,0.891484552,44.73196374,12568.2809,1.628370106,2.02157946,0.002962529,1.106074168,-0.59803319,0.906270699,0.738731325,0.890760363,0.774676364,0.826053493,0.001080489,5.65E-08,7.69E-11,2.57E-13,9.10E-25,2.34E-17,-6.92E-25,2178,494,2672,198.8528137,179.3319985,0.81511976,1.175622967,1.178249836,0.180137517,0.555130597,0,3
0.665982505,380.9364564,0.965183941,5468.041075,0.881378036,67.28174932,21491.22784,1.992425054,2.424314154,0.002864859,1.176960729,-0.624369369,0.94284648,0.721195294,0.95442427,0.734335772,0.944359663,0.000861532,1.42E-09,2.94E-12,6.44E-12,1.49E-23,6.01E-17,2.37E-23,2451,1039,3490,225.4802307,203.0954544,0.702292264,1.339884787,1.159850128,0.747235278,0.357549152,0,3
0.694035035,464.3966121,0.946760398,4358.818166,0.87445258,57.2409303,16970.87605,1.885057969,2.34401907,0.002821721,1.230559742,-0.595294644,0.928689788,0.696563015,1.021171978,0.735995304,0.926560193,0.000978714,1.72E-08,1.48E-11,7.82E-13,1.91E-24,7.24E-17,-1.86E-24,2302,855,3157,215.4386002,181.4386002,0.729173266,1.138582264,1.17053072,0.51726458,0.532649106,0,3
0.713939634,347.6769324,0.953283734,3719.103151,0.877366326,50.41461326,14528.73567,1.786666024,2.248987063,0.002867155,1.206850996,-0.57850675,0.91611499,0.719092722,0.967427319,0.753142888,0.893989617,0.001007241,2.13E-08,5.78E-12,2.89E-12,6.53E-24,4.22E-16,-9.84E-24,2268,662,2930,206.8528137,182.7106781,0.774061433,1.171912453,1.162694467,0.387764005,0.515793308,0,3
0.75035991,306.5308582,0.951624885,3166.458862,0.895625178,42.87711409,12359.30459,1.56002063,1.939486105,0.003005291,1.055940294,-0.593627712,0.897262508,0.753060876,0.858895038,0.786699865,0.793576606,0.001072732,1.12E-07,7.07E-11,1.48E-12,1.37E-23,1.22E-16,-6.49E-24,2020,502,2522,193.7817459,169.7817459,0.800951626,1.136163889,1.185471199,0.434388593,0.639027481,0,3
0.726811302,346.7402776,0.950303777,3486.589271,0.889407324,47.19196285,13599.61681,1.706983025,2.111494367,0.002938576,1.116542267,-0.600850097,0.914596885,0.733608621,0.912802976,0.767637995,0.852560388,0.001015169,1.37E-08,1.93E-11,2.75E-12,7.41E-24,3.12E-16,-1.86E-23,2122,661,2783,206.8528137,186.8172798,0.762486525,1.309480602,1.2241088,0.716839624,0.170323583,0,3
0.836545758,279.810467,0.911650133,1582.763776,0.93387689,23.14688976,6051.244636,1.030624389,1.258719487,0.003312612,0.756190716,-0.638082898,0.8320515,0.839775427,0.586294469,0.864245382,0.54126545,0.00124501,1.82E-08,3.11E-11,1.32E-12,-1.11E-24,1.77E-16,8.35E-24,625,974,1599,152.6101731,93.9411255,0.390869293,1.124195549,1.159655165,0.448463352,0.480000251,0,3
0.736872936,397.0972242,0.948657946,3864.954798,0.896746267,48.78472203,15062.72197,1.626610616,2.005042097,0.002986935,1.056198528,-0.602385861,0.906644977,0.740730555,0.89076663,0.776282601,0.823855012,0.000970189,4.01E-08,1.05E-11,6.19E-13,-2.86E-25,-1.23E-16,1.55E-24,2022,650,2672,199.0954544,174.0243866,0.756736527,1.192475411,1.181126997,0.639985318,0.581346029,0,3
0.816840492,313.6383338,0.904689501,1644.420473,0.927955438,25.07600353,6264.043556,1.122665425,1.380478197,0.003256354,0.823218897,-0.632928628,0.849211093,0.822834689,0.628907813,0.851373136,0.58818328,0.001293748,4.25E-08,1.07E-12,6.38E-13,-1.60E-25,1.31E-16,5.02E-25,812,994,1806,160.4680374,107.4974747,0.449612403,1.133054644,1.13519298,0.610974806,0.444397294,0,3
0.858971142,134.4969949,0.931893643,986.8635799,0.949621984,17.03258002,3812.957325,0.852154958,1.020300334,0.003461907,0.603506503,-0.642136899,0.786587713,0.867439957,0.473564093,0.888620804,0.468716581,0.0013697,1.68E-08,3.33E-12,6.78E-13,-3.05E-25,4.76E-17,9.72E-25,516,852,1368,137.9827561,87.35533906,0.377192982,1.177442117,1.108087087,0.409855874,0.320472094,0,3
0.680672077,378.445525,0.95232214,3966.800915,0.87689907,55.9283119,15488.75813,1.937378427,2.392412674,0.002808261,1.22194509,-0.599802432,0.93313454,0.691773719,1.017587467,0.73483082,0.959245798,0.001012698,7.04E-09,5.35E-12,2.97E-12,-7.13E-24,6.20E-17,-9.47E-24,2707,605,3312,220.1665222,203.9177849,0.817330918,1.223016495,1.165259352,0.623894321,0.360061256,0,3
0.559112576,431.1948664,0.959394998,5307.028583,0.816957097,82.24700178,20796.91947,2.724733703,3.45261601,0.002374431,1.633518743,-0.56398073,0.965987392,0.56993762,1.381208317,0.619778566,1.284033448,0.001035921,5.05E-08,2.01E-11,1.03E-12,1.58E-24,2.18E-16,4.42E-24,3216,1577,4793,269.3797257,217.6812409,0.67097851,1.173103497,1.205404322,0.499933175,0.58992157,0,3
0.711249709,375.8431583,0.938845412,3071.241443,0.891617457,46.34999335,11909.12261,1.735935776,2.140653206,0.002924648,1.119603809,-0.60738288,0.919273209,0.719440936,0.892784663,0.765570455,0.865415468,0.001096011,1.65E-09,5.38E-12,6.98E-13,1.19E-24,3.32E-18,6.33E-25,1627,1334,2961,207.6812409,154.8111832,0.549476528,1.172809479,1.15975564,0.360404637,0.257911963,0,3
0.604359643,412.3825015,0.954504127,4529.644955,0.838432672,69.11710463,17706.19732,2.44619302,3.070346186,0.002529753,1.52044883,-0.582719295,0.958866294,0.616844263,1.251111754,0.662092024,1.165716442,0.001110286,4.04E-08,2.22E-11,8.91E-13,-3.51E-24,-5.97E-17,-1.85E-24,2740,1483,4223,254.4091629,210.8528137,0.648827848,1.291869365,1.220266749,0.793148747,0.610279497,0,3
0.471004502,561.6741482,0.966432725,8362.857328,0.793666665,114.6313171,32889.75516,3.298097517,4.072790431,0.002177841,1.8338583,-0.602554325,0.984820343,0.58643447,1.378923072,0.560796668,1.451127573,0.000910068,1.32E-08,1.13E-10,1.39E-11,-2.66E-22,-1.34E-15,4.83E-22,2795,3170,5965,332.2497834,217.4386002,0.468566639,1.346796054,1.47342938,0.7886891,0.333759728,0,4
0.617447875,470.6541555,0.95492307,5217.500303,0.850008869,70.49295068,20399.34706,2.428521897,3.004841307,0.002601569,1.429370687,-0.614812438,0.96447092,0.633393326,1.264372,0.677184704,1.125620807,0.001006683,2.06E-08,4.46E-11,1.16E-11,-1.09E-22,-9.16E-16,2.42E-22,2420,1642,4062,249.0954544,191.1959595,0.595765633,1.202686441,1.216191732,0.706676989,0.448572384,0,4
0.388815107,619.9934438,0.960954932,7937.563639,0.738948299,132.71721,31130.26111,3.873388648,4.887654917,0.001829665,2.081653551,-0.565356744,0.98920449,0.4165115,1.880131337,0.478625885,1.687463382,0.000969776,1.09E-08,2.00E-11,2.82E-12,-6.24E-24,2.94E-16,2.02E-23,4201,2979,7180,334.4335495,260.4507935,0.585097493,1.285609429,1.240239597,0.749432782,0.379037935,0,4
0.280409132,685.5950858,0.960328859,8639.99321,0.66143046,168.1315016,33874.37776,4.702630749,6.09953915,0.001419127,2.508669754,-0.518377306,0.992794956,0.322826479,2.173620884,0.38572537,1.942316889,0.000984842,6.75E-08,2.69E-11,7.77E-13,-2.85E-24,3.32E-17,2.11E-24,4472,4505,8977,405.747258,300.1492783,0.498161969,1.603921735,1.460125961,0.886965313,0.657891476,0,4
0.426943001,675.4664793,0.960833713,8620.216821,0.754477747,131.6207827,33805.4008,3.468956095,4.430562015,0.001943015,1.977407133,-0.538660513,0.980475316,0.4612683,1.682246175,0.510880998,1.590200894,0.000884043,3.54E-09,4.05E-11,4.91E-13,-1.60E-25,2.32E-17,2.19E-24,3766,2837,6603,327.9066376,267.9655121,0.570346812,1.518056202,1.296490919,0.843270487,0.346752609,0,4
0.302303321,679.3819937,0.966263017,10067.10528,0.685085836,175.9528548,39589.03912,4.331536451,5.595324152,0.001528535,2.388995892,-0.514211824,0.989304917,0.36454532,2.001247281,0.408040379,1.8984744,0.000853281,1.11E-08,2.15E-11,8.42E-15,3.53E-27,7.47E-19,-6.07E-28,4912,3683,8595,382.1492783,310.7939392,0.571495055,1.56565866,1.352790569,0.764532286,0.401881552,0,4
0.575730831,522.5683535,0.960283082,6575.393502,0.8347869,86.75380267,25779.00565,2.624885358,3.228818517,0.002484241,1.526735718,-0.598133217,0.967486154,0.622030102,1.260999969,0.645130154,1.225119061,0.001035473,8.67E-08,2.90E-10,2.96E-11,2.65E-21,7.52E-15,-6.73E-22,2740,1830,4570,295.6223664,213.6812409,0.599562363,1.326760679,1.522540096,0.778865125,0.660433675,0,4
0.490413076,677.442773,0.957972691,8056.486874,0.780640281,113.9962557,31548.50472,3.102639495,3.974734023,0.002146934,1.844094024,-0.550020517,0.974967617,0.519157289,1.549244658,0.564302145,1.426244752,0.000874784,2.04E-08,3.20E-14,1.19E-13,-5.49E-27,-2.15E-18,-4.81E-27,3305,2403,5708,288.0071427,301.7228714,0.579011913,2.193084478,1.156998813,0.580049999,0.566704134,0,4
0.479561503,651.6137149,0.965239257,9369.459829,0.812214443,123.3109367,36826.2256,3.088265343,3.773365388,0.002292726,1.666320613,-0.60664773,0.980973666,0.594179769,1.354280026,0.58111224,1.404851705,0.000852875,1.32E-08,7.91E-13,4.43E-12,-7.86E-25,-3.06E-16,-8.25E-24,2686,3178,5864,308.1492783,203.6812409,0.458049113,1.22972051,1.289254657,0.61181437,0.415248866,0,4
0.288965656,762.9215003,0.96374987,10521.34663,0.710292059,182.7626687,41322.46501,4.418546892,5.535405888,0.001609936,2.229264507,-0.560623302,0.993099635,0.354426197,1.997003877,0.40228257,1.899838797,0.000896245,4.86E-08,8.03E-12,5.03E-13,-1.01E-24,-5.88E-17,-9.70E-27,4475,4363,8838,375.9066376,264.4091629,0.506336275,1.243856625,1.272964675,0.714974578,0.631304753,0,4
0.400063678,639.9971493,0.965657379,9314.899543,0.762528763,141.9739236,36619.60102,3.743579324,4.690661834,0.00193954,1.95539399,-0.569207307,0.987723449,0.44662601,1.76243027,0.498188489,1.644055212,0.000873483,1.67E-08,6.72E-11,4.31E-12,-2.91E-23,2.11E-17,6.73E-23,3999,3004,7003,342.7350647,271.9238816,0.571040982,1.472155407,1.335498215,0.855623105,0.541317911,0,4
0.387186091,711.7094385,0.967788351,11043.96238,0.766689919,159.6149538,43464.14008,3.635476064,4.585507788,0.002034174,1.92758835,-0.574169461,0.987282184,0.503138359,1.648211595,0.524158663,1.54502627,0.000812318,2.95E-08,8.10E-12,2.04E-13,-2.34E-25,1.53E-17,1.17E-25,3875,3384,7259,331.1787156,241.8233765,0.533820085,1.20153165,1.202979978,0.711700438,0.60755074,0,4
0.284223864,639.1714731,0.966954015,9669.349809,0.689821605,174.5995974,38038.22776,4.598980316,5.853684524,0.001521731,2.388252255,-0.546577726,0.993729195,0.356185183,2.058765107,0.39790113,1.923335586,0.000904042,4.07E-08,2.31E-11,2.49E-14,-2.11E-27,5.02E-18,1.87E-26,3744,5176,8920,376.6934342,266.6934342,0.419730942,1.512513181,1.266547865,0.872496,0.60605665,0,4
0.405718924,582.652588,0.963158728,7904.991087,0.724620536,128.8108139,31037.31176,3.846824458,5.00021713,0.001800724,2.217176715,-0.531248682,0.986254825,0.436462859,1.84394471,0.485034262,1.672443837,0.000943418,1.36E-08,9.41E-12,5.43E-13,-1.17E-24,-6.33E-17,3.70E-25,3818,3104,6922,321.764502,307.5218613,0.551574689,1.972088614,1.190844418,0.811322479,0.560839695,0,4
0.494336664,562.4933172,0.964890914,8008.206288,0.791963008,111.1545184,31470.33183,3.156760594,3.98078725,0.002198561,1.817377202,-0.565897123,0.977993086,0.542665389,1.531366688,0.574214707,1.421229754,0.000968448,1.28E-07,5.59E-11,1.12E-11,1.02E-22,1.16E-15,2.61E-22,2841,2807,5648,305.019336,222.3797257,0.503009915,1.385892381,1.311506403,0.820328806,0.71413584,0,4
0.408688539,700.0684712,0.956307312,8008.560073,0.737172621,126.7590612,31334.17182,3.74617969,4.824563918,0.001857697,2.153564512,-0.550399619,0.986909939,0.434743425,1.861849419,0.49497057,1.641262357,0.001014685,7.71E-08,1.28E-11,4.05E-13,-4.22E-25,-1.10E-16,-8.21E-25,3723,3154,6877,323.4213562,265.5218613,0.541369783,1.507710266,1.211012774,0.764545431,0.586967625,0,4
0.281499407,754.2910277,0.959950458,9415.741275,0.666731674,173.6798569,36908.67407,4.584947734,5.940043856,0.001439328,2.50559548,-0.523628499,0.992427206,0.324278561,2.174863197,0.388724386,1.955137053,0.000917866,1.99E-09,1.39E-11,3.04E-12,8.30E-24,1.36E-16,-1.79E-23,4401,4573,8974,364.2914139,280.1076477,0.49041676,1.419413479,1.177394943,0.690580272,0.214089794,0,4
0.570360293,420.3882338,0.961312217,5430.479803,0.826124662,78.25344851,21301.53098,2.75639584,3.395494701,0.002433963,1.576966652,-0.617462287,0.975441463,0.598770611,1.364841772,0.629861776,1.239740805,0.001062588,2.42E-08,7.78E-11,9.87E-12,-4.97E-24,1.09E-15,-2.73E-22,2884,1760,4644,279.6223664,214.0243866,0.621016365,1.264566366,1.340485013,0.582861174,0.552965914,0,4
0.502167855,521.7214833,0.959125044,6379.307087,0.795324058,96.36017657,24995.50686,3.100589183,3.888067693,0.00220727,1.80059143,-0.582761638,0.979184298,0.524256648,1.562847573,0.577069575,1.413385922,0.001048732,2.07E-08,2.93E-11,1.56E-11,-3.28E-22,4.87E-16,-6.10E-23,3179,2358,5537,311.4213562,230.4091629,0.57413762,1.329594852,1.394545281,0.725689176,0.504569631,0,4
0.38417585,652.5940988,0.957593668,7692.016523,0.74220207,130.4290498,30115.47199,3.923195838,4.9553719,0.001841129,2.081823676,-0.567804566,0.98994014,0.416406981,1.879075212,0.475901,1.683816023,0.001016929,4.42E-08,1.97E-11,1.58E-12,7.24E-24,-2.44E-16,-4.98E-24,4248,3002,7250,338.2497834,268.6518036,0.585931034,1.352712097,1.256456358,0.78918381,0.616760958,0,4
0.239179553,788.9407096,0.955370342,8838.308814,0.64715622,180.5028733,34564.29454,4.846846911,6.320262401,0.001338513,2.625835348,-0.515704328,0.993621628,0.290331961,2.287276133,0.362198266,2.040833744,0.000985843,1.20E-08,2.12E-11,4.81E-13,1.34E-25,-4.53E-19,-1.53E-24,4157,5615,9772,390.0904038,360.0487732,0.425399099,2.482864432,1.239816569,0.678697111,0.476823889,0,4
0.367684419,620.1217831,0.958573152,7482.784336,0.723042017,132.81561,29311.01556,4.050693704,5.148429841,0.001742174,2.171258749,-0.562700288,0.99097119,0.403172579,1.916990037,0.460220226,1.72587663,0.001025439,1.77E-08,1.55E-11,2.38E-12,5.33E-24,3.11E-16,1.34E-23,4061,3448,7509,344.7766953,264.2081528,0.540817685,1.368578776,1.260387425,0.792503015,0.414273946,0,4
0.191460067,761.0427374,0.952239194,7967.843442,0.600061585,188.7806413,31110.33103,5.298367022,6.985246866,0.001195281,2.85077969,-0.495813466,0.994837435,0.244855992,2.456732259,0.31645315,2.151832527,0.001061367,4.34E-08,1.15E-11,9.60E-13,2.97E-24,3.96E-17,1.19E-24,4706,6047,10753,438.9604615,347.2619767,0.437645308,2.040200754,1.426696259,0.816678752,0.603686068,0,4
0.505729036,695.2938683,0.951754414,7203.05345,0.792673179,102.9616383,28116.91993,3.088901364,3.865192594,0.002198892,1.781217235,-0.578104302,0.977880217,0.52439961,1.549294029,0.578580961,1.385701949,0.001087588,1.51E-07,8.36E-11,1.96E-12,4.52E-24,-2.33E-17,2.47E-23,3137,2349,5486,317.2203461,228.509668,0.571819176,1.325271933,1.460416149,0.840923676,0.751473267,0,4
0.258629644,891.3832924,0.957755966,10549.54632,0.670622921,193.0931178,41306.80198,4.701012627,6.04045851,0.001432906,2.469066189,-0.527211018,0.993195237,0.31626768,2.202757487,0.376710725,1.990244121,0.000918976,1.03E-08,1.45E-10,2.82E-12,-4.36E-23,-2.32E-16,-3.68E-23,4453,4935,9388,404.5340546,314.8355698,0.474328931,1.772251084,1.387865738,0.812356506,0.421416476,0,4
0.316766102,744.1332765,0.960900885,9514.250248,0.702372214,165.9836181,37312.86772,4.131488422,5.312505743,0.001600601,2.281983586,-0.522300359,0.988018977,0.365673662,1.975111139,0.426322475,1.862479437,0.000870982,2.12E-08,3.45E-12,1.83E-12,-4.05E-24,7.85E-17,-2.22E-24,4480,3869,8349,366.2914139,350.1909089,0.536591209,2.179425768,1.279467848,0.734893364,0.53783197,0,4
0.304632838,782.1778428,0.960587079,9920.901342,0.685936881,171.9418701,38901.42753,4.372581223,5.655000111,0.001534702,2.398211941,-0.521128393,0.990464618,0.356547428,2.075907678,0.408177634,1.894354705,0.000956731,1.64E-07,1.98E-11,5.87E-12,4.82E-23,2.16E-15,-4.09E-23,3855,4700,8555,372.3502884,305.137085,0.450613676,1.9229853,1.290309028,0.73298189,0.741306158,0,4
0.33376639,738.8754032,0.963505704,10121.11938,0.720972938,165.6468509,39745.60211,4.056268051,5.155961385,0.001701665,2.169184766,-0.544798635,0.98924426,0.378423089,1.95566298,0.441140296,1.805812504,0.000834214,5.83E-09,9.43E-13,2.71E-12,4.20E-24,1.85E-16,-1.12E-24,4193,3876,8069,342.6345597,284.2081528,0.519643078,1.533764078,1.158385137,0.794605667,0.330169868,0,4
0.357726098,818.9392735,0.960015254,10238.02457,0.732904044,159.4650846,40133.159,3.955606408,5.039880642,0.001792723,2.170337571,-0.546302771,0.988413052,0.417708939,1.866522414,0.469407211,1.723971239,0.000994028,2.37E-07,2.73E-11,1.61E-12,8.27E-24,5.60E-16,-6.75E-24,4008,3662,7670,357.2203461,272.7523087,0.522555411,1.477813122,1.32460799,0.750838505,0.801928518,0,4
0.399032271,639.2151665,0.960166372,8021.083464,0.749453296,131.0446169,31445.11869,3.681798192,4.656932089,0.001881282,2.043443826,-0.556671376,0.985932064,0.42725568,1.819387808,0.491553582,1.650260951,0.000944484,2.45E-08,1.27E-11,8.17E-13,-5.42E-25,6.19E-17,-2.57E-24,3924,3101,7025,327.3208512,318.7350647,0.558576512,2.06129927,1.214259125,0.837703789,0.539318237,0,4
0.394617117,744.4698027,0.960445508,9407.479598,0.750075057,143.5422375,36885.44859,3.684170823,4.648662484,0.00187886,2.005570027,-0.562040021,0.9865083,0.423815436,1.841641887,0.486258158,1.674504542,0.000900018,3.27E-08,8.56E-12,1.73E-12,6.36E-24,-4.33E-18,-1.94E-24,3826,3268,7094,323.0365799,274.2081528,0.53932901,1.564682125,1.171177132,0.686099961,0.578733983,0,4
0.504092857,606.709966,0.964790991,8611.935674,0.822218665,114.5479763,33841.03273,2.965874003,3.617808772,0.002359247,1.58703431,-0.60992958,0.978557858,0.59876187,1.281375464,0.596318721,1.349249579,0.000876844,4.74E-08,3.65E-11,4.82E-12,-6.10E-23,-8.47E-16,1.91E-23,3469,2054,5523,297.3797257,239.5807358,0.62810067,1.31737631,1.274846895,0.842358485,0.65744646,0,4
0.384205842,627.1839819,0.967816547,9740.717823,0.720812957,150.6237344,38335.68731,3.731763867,4.861779562,0.001797357,2.20142015,-0.508713252,0.981422134,0.442974865,1.78199236,0.474584329,1.687264904,0.000831747,1.85E-08,1.13E-11,3.18E-13,-3.82E-25,-4.16E-17,4.67E-25,5122,2137,7259,330.7939392,329.8061325,0.705606833,1.690784431,1.200186264,0.744724894,0.557408721,0,4
0.475992611,636.810466,0.959419646,7842.876872,0.794628926,112.0583747,30734.69702,3.214017496,3.967432228,0.002166955,1.780686868,-0.592408672,0.981935987,0.51006995,1.562284307,0.556730175,1.467113866,0.001003021,5.60E-08,7.61E-11,5.92E-12,6.39E-23,8.30E-16,1.08E-22,3086,2811,5897,320.6934342,220.0660172,0.523316941,1.249454386,1.388543115,0.70072117,0.595475335,0,4
0.491740143,530.3689714,0.967957759,8273.017406,0.778584857,114.6715435,32561.70065,3.211777409,4.093841568,0.002133254,1.864943528,-0.554223032,0.977869988,0.530647881,1.552663072,0.561857939,1.447381247,0.000818652,5.10E-09,1.28E-12,2.36E-12,2.47E-24,-1.73E-17,3.26E-24,3457,2228,5685,296.5929291,296.8944443,0.608091469,2.030089209,1.231973816,0.86084927,0.519433784,0,4
0.410088584,628.8432163,0.963834115,8690.697397,0.753928479,131.3906671,34133.94637,3.682114041,4.645005225,0.00192424,2.064669421,-0.565908417,0.986943631,0.460726749,1.741012987,0.499528077,1.6229741,0.000962781,4.18E-08,5.96E-12,1.98E-12,2.78E-24,-2.93E-16,6.23E-24,3246,3611,6857,324.3502884,230.1665222,0.473384862,1.299409856,1.22153183,0.811851859,0.564434887,0,4
0.333793678,626.1314687,0.960660451,7956.356332,0.687254422,145.7290066,31199.29386,4.25725028,5.534916407,0.0015751,2.391619337,-0.522441131,0.989809806,0.37124773,2.027952267,0.432813713,1.82469783,0.000996013,1.66E-08,8.19E-11,1.21E-12,1.20E-23,1.43E-16,-1.41E-24,4312,3743,8055,370.4335495,320.3502884,0.535319677,1.89488059,1.356330232,0.862742602,0.464191842,0,4
0.380097189,637.9799578,0.9608529,8146.323779,0.711351935,136.3230427,31947.31516,3.929443051,5.091457665,0.001726329,2.268416831,-0.528107946,0.986813877,0.412489077,1.889952513,0.465341582,1.712428123,0.000936057,2.21E-09,1.06E-11,3.12E-13,-4.47E-26,7.97E-19,-5.66E-25,3969,3347,7316,332.391919,301.0782105,0.542509568,1.818393682,1.202368465,0.818442371,0.418573766,0,4
0.565304839,514.9239887,0.958192061,6155.263392,0.833484463,85.86201431,24106.12958,2.648661398,3.268898311,0.002461574,1.542964355,-0.597171523,0.968316049,0.591267649,1.329985598,0.641582898,1.231404763,0.001032687,1.25E-07,5.44E-11,5.10E-12,-7.24E-23,-6.65E-16,4.45E-23,3041,1669,4710,279.6223664,233.8233765,0.645647558,1.431428948,1.321701147,0.884346266,0.738921341,0,4
0.427480315,596.278347,0.95880013,7233.756922,0.739181609,117.0627452,28338.74934,3.590694077,4.641793033,0.001891343,2.138998779,-0.535247593,0.982835722,0.473497642,1.67468337,0.505978134,1.616050721,0.001011169,2.55E-08,4.58E-11,2.59E-12,-8.46E-25,3.90E-16,-2.82E-23,4378,2218,6596,321.1787156,303.9655121,0.663735597,1.680286067,1.245154457,0.773259768,0.305214138,0,4
0.303695899,727.9752562,0.958214946,8709.316579,0.66054469,160.9491294,34109.29106,4.509664857,5.919242589,0.001447762,2.551228898,-0.507836965,0.990855849,0.336297241,2.156825202,0.399863926,1.90907088,0.000966798,3.79E-08,7.32E-12,3.66E-13,-5.56E-25,5.16E-17,-2.22E-25,4124,4442,8566,383.8061325,298.2081528,0.481438244,1.716843581,1.369166013,0.799370044,0.56997177,0,4
0.485670229,577.5465783,0.962774083,7754.403133,0.773933954,111.4075321,30440.06595,3.217090386,4.130044578,0.002127952,1.930499306,-0.546311177,0.977083621,0.53128345,1.540653514,0.560375338,1.457628669,0.000996967,1.96E-07,3.09E-11,5.30E-12,3.21E-23,1.92E-15,5.98E-23,4139,1628,5767,309.9066376,285.4802307,0.717704179,1.567714634,1.325934789,0.886077851,0.78284826,0,4
0.436729414,672.6756595,0.953018806,7156.379031,0.755581546,116.4110775,27952.84047,3.457305187,4.42244497,0.001958731,2.049420334,-0.541771978,0.980866362,0.472169934,1.661450152,0.518241337,1.576359362,0.001073562,8.75E-08,1.04E-10,7.66E-12,-1.03E-22,-1.22E-15,-1.90E-22,4751,1700,6451,347.5634919,285.2375901,0.736474965,1.363448841,1.490910668,0.788549864,0.702715151,0,4
0.352267562,754.3746344,0.962241751,9987.071306,0.724857838,158.2797467,39193.91059,4.073863818,5.184678241,0.001761135,2.181681005,-0.553765623,0.990390242,0.434300036,1.846933136,0.45851224,1.727755388,0.00086911,3.35E-08,5.00E-12,3.15E-12,-1.10E-23,3.04E-16,-6.01E-24,3766,3998,7764,345.2203461,249.0365799,0.485059248,1.311161933,1.222130552,0.662629974,0.60457187,0,4
0.532455735,601.2418571,0.953811005,6505.220634,0.809412992,93.37310846,25419.64068,2.954280984,3.663347873,0.002304142,1.671080402,-0.598108405,0.977532342,0.553135121,1.45557514,0.594769055,1.31757357,0.001126227,2.29E-07,8.22E-11,1.67E-12,-1.85E-23,-7.44E-16,-6.12E-24,3313,1820,5133,295.9655121,236.9949494,0.645431522,1.349792797,1.358692914,0.810456807,0.773086995,0,4
0.313639843,841.1387018,0.955989283,9554.331229,0.658211023,166.0774797,37376.18621,4.427790914,5.856570899,0.001470778,2.604282277,-0.488976196,0.988426414,0.363504878,2.063860059,0.408055321,1.874804885,0.000919269,2.13E-09,2.02E-11,2.35E-12,-8.56E-24,8.86E-17,-1.37E-23,5180,3201,8381,418.5756852,319.4629868,0.61806467,1.568634261,1.66441842,0.692940918,0.255602627,0,4
0.327125508,716.2605019,0.96591347,10504.21944,0.726294114,171.5588941,41300.61728,4.237497169,5.295196015,0.001720448,2.095072756,-0.56854682,0.9923484,0.393910386,1.914137429,0.435590514,1.818185984,0.000834305,1.48E-08,1.35E-12,1.42E-12,-1.95E-24,-1.42E-16,3.99E-26,4435,3734,8169,372.7350647,257.3380951,0.542906108,1.188844082,1.354072648,0.659505615,0.451560593,0,4
0.551204738,521.8189973,0.951857695,5417.115965,0.784222408,82.19604834,21146.64486,2.844553204,3.779093841,0.002274174,1.948793425,-0.524690237,0.965221174,0.578808382,1.441202965,0.610516972,1.30827585,0.001044379,1.46E-08,1.01E-11,3.63E-13,-6.91E-25,2.39E-17,9.00E-26,1996,2899,4895,270.6934342,216.509668,0.407763023,1.869839852,1.191826693,0.889487575,0.427411151,1,5
0.573964074,505.1277511,0.95234036,5296.712158,0.797493588,79.1416268,20681.72088,2.691771709,3.55108579,0.002334367,1.818637399,-0.52420576,0.958834352,0.581708476,1.420236498,0.628887287,1.260244083,0.001024574,4.38E-09,3.05E-12,2.96E-13,2.25E-25,6.94E-18,1.70E-25,2317,2288,4605,257.8233765,329.4213562,0.503148751,3.728960891,1.149278572,0.50451484,0.350084563,1,5
0.475039689,637.2508643,0.95916238,7799.424317,0.741406864,114.1074456,30560.4464,3.282658902,4.392066316,0.001976605,2.194926922,-0.496073103,0.971816274,0.491217899,1.735122136,0.545569117,1.505910072,0.000921106,4.38E-08,1.95E-12,6.59E-13,4.97E-25,5.06E-17,-5.57E-25,2168,3750,5918,295.6639969,242.6518036,0.36633998,2.162310863,1.176067604,0.676510468,0.599231784,1,5
0.498206161,598.5298369,0.958618001,7229.145927,0.760491524,106.4675239,28318.05387,3.195681478,4.218229632,0.002073256,2.032582938,-0.51374132,0.972367006,0.512271585,1.635518688,0.565483642,1.449230021,0.000926477,1.03E-08,2.47E-11,1.83E-13,-1.85E-25,2.41E-18,3.44E-25,1993,3603,5596,295.3208512,202.2670273,0.356147248,1.634380776,1.240854551,0.829389835,0.399359541,1,5
0.526620384,549.2831872,0.962690298,7357.964805,0.769738719,101.9531934,28882.57603,3.009602804,3.99895578,0.002160328,2.020888675,-0.501605244,0.964753865,0.545341816,1.572397055,0.589366576,1.381388426,0.000872372,5.17E-10,7.22E-12,9.15E-13,-2.34E-24,4.88E-18,-1.99E-25,2333,2884,5217,278.1076477,365.4690835,0.447191873,4.558237083,1.180362456,0.601718342,0.151437797,1,5
0.588231946,486.0833017,0.957310492,5690.603953,0.808263226,79.89592338,22276.33251,2.624902724,3.420628486,0.002394227,1.731755346,-0.541033093,0.959459719,0.595008804,1.408091679,0.645291478,1.217654962,0.000972836,6.75E-09,2.03E-12,2.40E-12,1.40E-24,2.51E-17,5.09E-24,1703,2722,4425,254.5512986,212.4091629,0.384858757,2.109318723,1.165863536,0.786545527,0.426035148,1,5
0.60547742,489.304831,0.9496418,4855.488105,0.810586852,70.90470399,18932.64759,2.510325772,3.31918948,0.002437434,1.765462821,-0.527112744,0.952165304,0.621551265,1.322294206,0.655201765,1.183191887,0.001055234,4.60E-08,4.74E-12,2.68E-14,-5.76E-27,-5.75E-18,7.63E-27,2036,2173,4209,252.1665222,299.8944443,0.48372535,3.516976185,1.202835654,0.608538206,0.578114931,1,5
0.533555385,633.8247543,0.959069453,7739.161975,0.787833447,102.1224537,30322.82315,2.918609569,3.795355884,0.002227548,1.890848971,-0.538927762,0.968878589,0.553397642,1.538573512,0.596515004,1.350519348,0.000929233,9.56E-08,1.33E-14,1.32E-12,-1.11E-25,4.01E-16,1.36E-25,2171,2952,5123,283.0365799,311.6639969,0.423775132,3.562245193,1.245005128,0.567698638,0.699012721,1,5
0.57236494,565.2632868,0.956728048,6528.354876,0.797090771,88.14357324,25548.15622,2.702969532,3.550875827,0.002331415,1.830036814,-0.521190354,0.957996292,0.584149828,1.446789481,0.630327473,1.26098206,0.000920978,7.77E-09,1.85E-11,8.28E-13,6.86E-25,3.90E-17,-3.17E-24,1941,2683,4624,262.5512986,285.137085,0.419766436,3.334972338,1.186918438,0.864559013,0.471809271,1,5
0.489181405,657.0249767,0.95824607,7864.94789,0.741976346,112.2557935,30802.76659,3.248046847,4.381851634,0.002003999,2.227702519,-0.480335871,0.967932534,0.510898771,1.676707169,0.556524781,1.471817135,0.000892045,2.50E-09,3.34E-11,4.88E-14,-5.65E-27,1.76E-18,-6.21E-26,2568,3151,5719,299.5634919,376.1492783,0.449029551,4.386678509,1.249303719,0.424576298,0.306750315,1,5
0.44295392,628.0768936,0.961378459,8128.169828,0.726791391,123.1900512,31884.60242,3.557130358,4.730529128,0.001873242,2.260210589,-0.499069205,0.978042434,0.460551614,1.81695066,0.513323537,1.60186627,0.000913409,8.42E-09,3.13E-11,2.82E-13,6.57E-25,-1.21E-17,5.17E-25,3025,3348,6373,306.1076477,232.2670273,0.474658716,1.419907669,1.170616934,0.606249349,0.434249232,1,5
0.572135479,503.4019877,0.956924933,5840.631332,0.813317354,83.5686969,22859.12334,2.668689578,3.406000146,0.002378306,1.664265099,-0.558041675,0.963270738,0.577248553,1.428576218,0.632161808,1.239745557,0.000978955,4.99E-09,9.22E-12,1.50E-12,-2.49E-24,-9.15E-17,-5.02E-24,2551,2077,4628,260.7939392,205.2375901,0.551210026,1.314660804,1.170070416,0.653816216,0.412149282,1,5
0.512070009,533.3407719,0.958701307,6454.129869,0.766010077,97.69445533,25283.1787,3.035619841,4.017726749,0.002117979,2.003202134,-0.510668406,0.967400815,0.525441899,1.597066724,0.574889504,1.428192823,0.000978564,1.72E-08,1.12E-11,2.27E-12,-1.62E-24,-1.64E-18,1.13E-23,2195,3216,5411,282.5512986,189.0243866,0.405655147,1.296019425,1.17470128,0.456698621,0.514152773,1,5
0.578334179,468.9832479,0.960383187,5915.985433,0.804732415,82.66680037,23194.95848,2.658613816,3.460649896,0.002362424,1.765903699,-0.536723162,0.959469418,0.590013926,1.430401325,0.635183127,1.250588427,0.000961357,2.84E-08,1.81E-11,2.81E-12,1.23E-23,-8.69E-17,1.58E-23,1820,2728,4548,261.4802307,143.6396103,0.400175901,0.90258354,1.196926889,0.584136642,0.53047106,1,5
0.570900936,459.9858498,0.958235451,5504.230542,0.794387875,81.3699631,21556.93632,2.71291802,3.581539639,0.002317124,1.829726442,-0.513878993,0.956828793,0.578268966,1.444777777,0.624806039,1.27611369,0.000985849,1.87E-09,6.94E-12,8.65E-13,-2.07E-24,-3.71E-17,4.35E-25,2511,2133,4644,258.8944443,228.7523087,0.540697674,1.659184262,1.149115311,0.541514568,0.357327352,1,5
0.518805415,607.5310598,0.955132067,6767.211174,0.772425976,97.89146155,26461.31364,3.028386066,3.988483919,0.002147915,1.99667813,-0.526140645,0.970383569,0.532761074,1.600030289,0.58474445,1.39605316,0.001004796,6.20E-08,4.70E-11,1.76E-12,1.56E-23,4.19E-16,3.56E-24,2288,3030,5318,288.4507935,298.1076477,0.430236931,3.092434971,1.245677166,0.825928328,0.657693963,1,5
0.479913621,624.2797683,0.959347998,7675.341377,0.747813748,111.8943747,30077.08574,3.302547973,4.364976132,0.002005013,2.12682959,-0.515032832,0.975279104,0.498205623,1.713013321,0.552918482,1.485617482,0.000953325,2.92E-08,3.09E-11,4.55E-13,1.67E-24,7.55E-17,-3.09E-25,2039,3810,5849,296.5929291,245.7228714,0.348606599,2.357676953,1.197430526,0.684786404,0.550268565,1,5
0.524134804,597.2791408,0.95799334,7106.215064,0.774987777,99.73486214,27827.58112,2.967756937,3.9179673,0.002168638,1.983458162,-0.515227156,0.966249571,0.543537635,1.573278291,0.59018068,1.368133445,0.000939636,3.35E-08,3.11E-11,6.65E-13,2.36E-25,-4.72E-17,-3.01E-24,2141,3107,5248,284.6934342,187.3380951,0.407964939,1.305106321,1.229621467,0.777683251,0.539340507,1,5
0.51681314,563.6827351,0.9565052,6477.118246,0.764884436,96.69209594,25344.79025,3.035850324,4.0351632,0.002122071,2.040660022,-0.506356191,0.9668224,0.528538635,1.603606726,0.581232497,1.408484669,0.000991362,3.22E-08,1.11E-11,8.79E-13,2.59E-24,-9.60E-17,-9.10E-25,2312,3034,5346,285.5218613,320.3502884,0.432472877,3.53405065,1.214115877,0.451359784,0.551160752,1,5
0.518057032,576.9513823,0.959219564,7070.772872,0.768680891,100.7466077,27706.1401,3.032504864,4.016014864,0.002136573,2.012376175,-0.517229365,0.968943016,0.530020096,1.618893808,0.582949052,1.401669882,0.0008928,2.40E-09,2.20E-13,1.42E-12,-6.90E-25,4.91E-17,-4.01E-25,1863,3469,5332,277.3797257,173.9238816,0.34939985,1.292754161,1.148866718,0.846274228,0.133821763,1,5
0.504005548,555.1786766,0.962161086,7333.021787,0.764875676,105.6856877,28776.90847,3.103853264,4.075839638,0.002097187,1.993326513,-0.514706424,0.9696707,0.514733122,1.637523754,0.571849724,1.426980609,0.000912071,1.15E-08,1.27E-11,4.53E-13,1.02E-24,-3.96E-17,-3.84E-25,2087,3433,5520,285.2792206,238.2081528,0.37807971,2.164717132,1.173847182,0.660174422,0.497486223,1,5
0.545079081,581.172929,0.957724581,6870.571801,0.784535385,94.51842629,26901.11427,2.881907255,3.806013549,0.002249693,1.910066985,-0.529266608,0.96697504,0.560866628,1.530003798,0.604613151,1.328099042,0.000916339,9.08E-09,5.92E-12,1.80E-12,3.23E-24,-1.45E-16,4.89E-24,1996,2980,4976,268.4507935,295.5218613,0.401125402,3.483606166,1.153079823,0.781124242,0.450936187,1,5
0.498169652,621.4866479,0.957424553,7295.43055,0.762816693,105.4936324,28560.23555,3.156025834,4.144813237,0.002088317,2.029510392,-0.525541732,0.973394754,0.510680112,1.665951017,0.565959673,1.438158469,0.000952366,2.03E-08,4.82E-12,1.30E-12,-2.63E-24,1.51E-16,-1.91E-24,2340,3259,5599,287.6223664,293.9299782,0.417931774,2.939559587,1.17637342,0.789617839,0.549319412,1,5
0.561110775,536.0731414,0.958487647,6453.871485,0.802706203,89.23907222,25279.4128,2.718949487,3.516185228,0.002325276,1.766124442,-0.535879282,0.960894469,0.569361818,1.470567772,0.622208283,1.274333396,0.000974776,4.68E-08,3.38E-12,1.66E-12,8.39E-25,-1.70E-16,-3.85E-24,2177,2588,4765,274.6934342,280.6223664,0.456873033,2.880026585,1.260793652,0.77273617,0.623884899,1,5
0.555334288,537.8688854,0.95663601,6199.339643,0.788905192,88.39596812,24259.48969,2.796694072,3.683662503,0.00227196,1.888427678,-0.518743807,0.961153021,0.566218045,1.489432788,0.616810938,1.294988499,0.000974326,6.06E-09,1.39E-11,8.20E-13,1.28E-24,2.53E-17,-2.46E-24,2341,2502,4843,266.8355698,228.509668,0.483378071,1.775898357,1.170532118,0.794087202,0.429952151,1,5
0.452982704,572.0827989,0.960589131,7255.040626,0.735026843,114.1150783,28448.07971,3.476141622,4.579329502,0.001913925,2.168915555,-0.507689612,0.977333858,0.468310881,1.778514036,0.523865983,1.549395948,0.000967439,1.50E-08,2.95E-11,2.38E-12,1.69E-23,-1.17E-16,-1.07E-23,2334,3889,6223,318.9360749,315.0365799,0.37506026,3.3855675,1.301421118,0.596017919,0.470730089,1,5
0.423541633,656.9092248,0.962158866,8676.770206,0.71683841,131.4520381,34050.1716,3.652841537,4.839284145,0.001809832,2.308213373,-0.500797484,0.979851615,0.444476801,1.87147062,0.499392128,1.640680541,0.000872681,5.62E-09,9.18E-12,7.35E-13,8.65E-25,1.03E-17,-1.70E-24,2348,4306,6654,320.5929291,369.764502,0.352870454,4.636205733,1.229802702,0.683701289,0.449166477,1,5
0.51091184,594.3941964,0.95940005,7316.852495,0.756145482,103.6500255,28673.01578,3.094675794,4.142860126,0.002086996,2.124739504,-0.495709799,0.966656339,0.533060574,1.611913314,0.572414015,1.427524188,0.000911295,2.59E-08,1.47E-11,7.02E-13,2.04E-25,9.47E-17,2.24E-24,2237,3189,5426,284.2081528,323.5634919,0.412274235,3.726176339,1.185232728,0.630597341,0.524712168,1,5
0.502260436,611.1656759,0.955024183,6791.689798,0.76855473,101.7878526,26555.59352,3.100923511,4.065234564,0.002109758,1.978265197,-0.522222406,0.971132438,0.513682825,1.62935842,0.573861724,1.420131593,0.000997628,1.58E-08,9.19E-11,3.21E-15,7.84E-28,-3.82E-19,1.55E-27,2250,3290,5540,296.5929291,200.7523087,0.406137184,1.426096583,1.264218618,0.768179532,0.432628539,1,5
0.522738303,538.5640685,0.958060026,6418.214091,0.770319398,95.17587007,25134.2923,3.035035081,4.032894165,0.002161461,2.040378686,-0.507826621,0.967182569,0.54130404,1.569570764,0.590577384,1.380692351,0.000979234,4.08E-08,2.17E-12,2.33E-13,-3.00E-26,2.41E-17,1.63E-25,2255,3014,5269,279.0782105,125.7401154,0.427974948,0.55822788,1.176884982,0.77453703,0.589857826,1,5
0.400979818,657.038599,0.958963986,8003.147391,0.688386098,131.0422446,31355.55096,3.814553354,5.184442714,0.001682127,2.522460391,-0.464125513,0.977675517,0.422461365,1.9369709,0.480896064,1.699271567,0.000953139,6.20E-08,7.83E-12,7.92E-13,-1.87E-24,1.71E-16,6.16E-25,2357,4629,6986,344.391919,376.2914139,0.337389064,4.782989151,1.351722939,0.842608098,0.67318978,1,5
0.387272872,695.344245,0.960378748,8772.333888,0.687227007,141.0422183,34393.99131,3.871798113,5.22840586,0.001657292,2.485165021,-0.471021791,0.979601005,0.408659064,1.970734436,0.470603988,1.728230943,0.000908381,4.70E-08,5.52E-12,3.54E-13,5.87E-26,6.09E-17,-4.92E-25,2394,4809,7203,330.492424,349.9066376,0.332361516,4.071838801,1.207313239,0.709418797,0.620756622,1,5
0.532604521,622.0234281,0.956660176,7173.044292,0.772946809,99.07391144,28070.15374,2.990021832,3.962355295,0.002176823,2.002484884,-0.514976486,0.967260929,0.550801484,1.556000223,0.596005357,1.362436911,0.000930444,3.52E-08,2.39E-11,3.36E-14,2.30E-26,5.74E-18,1.94E-26,2234,2904,5138,276.1076477,176.3675324,0.434799533,1.108573439,1.181335168,0.767584856,0.606434442,1,5
0.435277585,605.4143626,0.95892134,7366.329714,0.717790218,118.0480857,28859.90449,3.625222378,4.835274257,0.001836707,2.307568729,-0.499250437,0.979525696,0.454526978,1.834622801,0.508916535,1.604006646,0.000967236,1.72E-08,2.83E-11,2.97E-12,2.60E-23,-1.49E-16,-8.30E-24,2036,4444,6480,320.8355698,324.3502884,0.314197531,4.113970412,1.264737444,0.569346661,0.48000941,1,5
0.440218746,636.1186414,0.964050721,8844.606098,0.73802641,129.651752,34742.30575,3.528354708,4.633480515,0.001904361,2.161751001,-0.511666982,0.978867321,0.458987828,1.823974498,0.517123995,1.569648824,0.000850511,1.51E-08,2.29E-12,8.77E-13,3.15E-25,-4.07E-17,-1.20E-24,2225,4188,6413,308.1492783,322.764502,0.346951505,3.727793736,1.178884969,0.76810488,0.508273257,1,5
0.547266172,601.9634282,0.956799942,6964.407768,0.788642965,94.81063499,27255.66764,2.821836668,3.701568617,0.002256746,1.889075277,-0.524525483,0.963171043,0.560641873,1.515166776,0.611469783,1.317991076,0.000951937,3.99E-08,1.51E-11,2.04E-12,-5.34E-25,-2.65E-16,-1.13E-23,1999,2944,4943,281.9066376,145.3969696,0.404410277,0.841992604,1.280060079,0.541444541,0.609324845,1,5
0.542952745,510.9736767,0.957671449,6032.931651,0.78102332,89.2584634,23620.75293,2.865113339,3.800008592,0.002219261,1.948454647,-0.510748426,0.962126815,0.554106763,1.520587153,0.606205873,1.331391866,0.000976617,1.60E-08,1.22E-11,4.89E-13,5.40E-25,-3.75E-17,-1.07E-24,2122,2880,5002,272.8944443,331.0782105,0.424230308,4.112691933,1.185375814,0.567177587,0.488515257,1,5
0.500641964,568.8799371,0.95944058,7010.046858,0.753501176,103.3214068,27471.30749,3.205226054,4.256726228,0.002060442,2.100894076,-0.509004996,0.972044119,0.516477379,1.655237261,0.567545169,1.443977466,0.000970956,4.30E-08,1.46E-11,2.59E-13,-7.17E-26,-1.25E-17,4.99E-25,2263,3303,5566,285.1787156,314.5929291,0.406575638,3.481959543,1.163325843,0.75139321,0.614855379,1,5
0.518114434,529.5744721,0.960036024,6623.24426,0.773486385,97.94623134,25963.40257,3.035167624,3.991578529,0.002152114,1.957176392,-0.518123785,0.968637478,0.528917649,1.599758898,0.58372714,1.391660636,0.000957461,1.59E-09,1.10E-11,3.30E-14,-9.33E-28,-3.07E-19,-1.99E-26,2041,3288,5329,285.3208512,150.4680374,0.382998686,0.88319351,1.21627467,0.852998069,0.342695478,1,5
0.449222802,595.1378084,0.959839543,7406.746832,0.728407775,116.5871454,29031.84952,3.477108535,4.649329303,0.001888285,2.253193431,-0.491139402,0.975201779,0.463839484,1.787621659,0.523244575,1.5746977,0.000951815,2.26E-08,2.23E-11,3.27E-17,-1.43E-31,-3.66E-21,8.70E-31,2287,3995,6282,306.1076477,298.6934342,0.364056033,3.105957782,1.187574295,0.363593759,0.51235369,1,5
0.513412911,587.4457347,0.959061219,7171.731786,0.780050147,101.9430852,28099.48141,3.063787454,3.967201151,0.002165357,1.915403089,-0.543249322,0.973529187,0.52406464,1.623680048,0.581213031,1.392323983,0.000948781,4.42E-09,1.29E-12,3.47E-13,1.90E-25,5.95E-19,1.33E-25,2353,3042,5395,278.3502884,252.8944443,0.436144578,2.164048604,1.143410729,0.398373139,0.383355704,1,5
0.493101467,589.9907279,0.957082407,6870.870361,0.749057916,103.7040733,26893.49071,3.238297811,4.314366585,0.002029484,2.129448005,-0.505699398,0.972444615,0.504906534,1.683215946,0.563004509,1.455396878,0.000994873,6.96E-08,5.44E-13,5.34E-13,2.87E-25,-1.37E-16,-2.21E-26,2228,3440,5668,289.764502,294.9360749,0.39308398,3.108500678,1.179426496,0.773100907,0.657860317,1,5
0.546643184,510.7139791,0.960046791,6388.360968,0.783229465,91.32548153,25042.72989,2.849704403,3.771539927,0.002235049,1.932842017,-0.510989022,0.961451735,0.558875994,1.519109609,0.60815329,1.331962803,0.000939085,6.87E-09,1.45E-11,5.30E-13,1.30E-24,-3.57E-17,-6.80E-25,1959,2996,4955,269.137085,302.2081528,0.395358224,3.711831707,1.163894967,0.403964742,0.428497669,1,5
0.52614812,533.9807831,0.960208058,6706.714969,0.771232404,96.80617389,26292.87909,3.062289325,4.030802964,0.00220119,1.988502281,-0.518686072,0.969597774,0.536178457,1.599845638,0.588378863,1.381144673,0.001022356,1.85E-07,1.38E-11,1.83E-12,-1.42E-25,7.87E-16,-9.20E-24,2266,2952,5218,292.1076477,251.9655121,0.434266002,2.230656285,1.301943509,0.787757764,0.779879363,1,5
0.482554825,584.5945152,0.958706931,7075.797881,0.74411985,107.5974731,27718.59701,3.272866202,4.370142457,0.002000125,2.158137115,-0.492329214,0.970468916,0.49546249,1.707648926,0.550889234,1.479643164,0.000967176,4.27E-08,2.77E-11,8.48E-13,-1.26E-24,-1.37E-16,-3.91E-24,2099,3712,5811,299.1787156,190.1248917,0.361211495,1.371121312,1.226368175,0.912277337,0.609994011,1,5
0.519743354,590.278781,0.958427013,7096.114182,0.775621256,99.96621552,27794.17795,3.012683757,3.956666854,0.002163546,1.981553995,-0.529456457,0.970423897,0.535477312,1.603128892,0.584568831,1.395392839,0.000954684,3.48E-09,4.05E-12,8.65E-14,1.10E-26,1.40E-18,5.00E-26,2396,2913,5309,279.0365799,249.4386002,0.451309098,2.067525469,1.167669445,0.393136568,0.372280371,1,5
0.496916164,562.7318523,0.961480681,7301.520358,0.754590606,106.8693753,28643.34958,3.177248402,4.230117571,0.002052406,2.100741263,-0.498439933,0.969141352,0.510650328,1.660000915,0.566135162,1.446695541,0.000885236,6.09E-09,6.02E-13,5.84E-13,2.18E-25,4.08E-17,-2.69E-25,1931,3686,5617,285.0365799,281.2792206,0.343777817,3.262145944,1.151614524,0.759629388,0.382375121,1,5
0.537987891,533.484918,0.958777923,6468.062425,0.77878374,93.0398482,25338.76478,2.906173494,3.842871371,0.002220707,1.951131021,-0.514835142,0.964328899,0.551156414,1.547009421,0.599154394,1.349284464,0.000937977,4.61E-09,7.26E-12,9.33E-15,-1.98E-28,3.63E-19,-2.42E-27,2139,2930,5069,269.8650071,239.0954544,0.421976721,2.127855907,1.143881977,0.808243706,0.334039271,1,5
0.485699814,576.8310234,0.961930328,7573.343944,0.748028833,110.1223502,29716.54475,3.239037609,4.323533498,0.002010596,2.175291144,-0.497889705,0.970905974,0.501339593,1.703043238,0.555670169,1.483133021,0.000899198,3.92E-09,5.36E-12,7.56E-13,-1.10E-24,-4.69E-17,1.05E-24,2224,3546,5770,292.9777054,342.8355698,0.385441941,4.207724789,1.184414442,0.896771505,0.482900931,1,5